abder.us|https://en.wikipedia.org/wiki/Abderus
ahupua.us|https://en.wikipedia.org/wiki/Ahupua%CA%BBa
aloalo.us|https://en.wikipedia.org/wiki/Aloalo
ananias.us|https://en.wikipedia.org/wiki/Ananias_of_Damascus
anthropy.us|https://en.wikipedia.org/wiki/Anthropic_principle
bowfin.us|https://en.wikipedia.org/wiki/Bowfin
burgesses.us|https://en.wikipedia.org/wiki/House_of_Burgesses
catawban.us|https://en.wikipedia.org/wiki/Catawban_languages
capoppy.us|https://en.wikipedia.org/wiki/Eschscholzia_californica

catholepistemiad.us|https://en.wikipedia.org/wiki/History_of_the_University_of_Michigan
cornhusker.us|https://en.wikipedia.org/wiki/Nebraska
dismal.us
lushootseed.us|language|https://en.wikipedia.org/wiki/Lushootseed
mant.us
michigania.us
muskogean.us|language|https://en.wikipedia.org/wiki/Muskogean_languages
servi.us
tactician.us

albermarle.us|?
alibate.us
alphons.us
angolabay.us
appiah.us
arequipa.us
arikaras.us
arver.us
arzberger.us
ashkenazy.us
atlixco.us
awiiki.us
bayashi.us
belmore.us
bennitt.us
beowolf.us
bigbead.us
bloodcreek.us
blurgrass.us
bomberger.us
bonnville.us
brandywine.us
breakenridge.us		
borgne.us		
boulaye.us
bouyer.us	
borgian.us|https://en.wikipedia.org/wiki/House_of_Borgia
churubusco.us|https://en.wikipedia.org/wiki/Churubusco
cobia.us|https://en.wikipedia.org/wiki/Cobia
dahak.us|https://en.wikipedia.org/wiki/Dahak
eleutherian.us|https://en.wikipedia.org/wiki/Eleutheria
embarkation.us|https://en.wikipedia.org/wiki/Embarkation
etchemin.us|https://en.wikipedia.org/wiki/Etchemin
hodag.us|https://en.wikipedia.org/wiki/Hodag
robcreek.us
ruffing.us
ruhmann.us
rylstone.us
seamounts.us
searight.us
shakertown.us
shavitz.us
