
abrashkin.us|film|https://en.wikipedia.org/wiki/Raymond_Abrashkin
adlai.us|political|https://en.wikipedia.org/wiki/Adlai_Stevenson_II
agassiz.us|science|https://en.wikipedia.org/wiki/Louis_Agassiz
aldean.us|music|https://en.wikipedia.org/wiki/Jason_Aldean
alito.us|political|https://en.wikipedia.org/wiki/Samuel_Alito
alsop.us|writer|https://en.wikipedia.org/wiki/Joseph_Alsop
ambursen.us|science|https://en.wikipedia.org/wiki/Nils_F._Ambursen
ameche.us|film|https://en.wikipedia.org/wiki/Don_Ameche

angelou.us|writer|https://en.wikipedia.org/wiki/Maya_Angelou
arcuri.us|political|https://en.wikipedia.org/wiki/Jennifer_Arcuri
armisen.us|film|https://en.wikipedia.org/wiki/Fred_Armisen
aronofsky.us|film|https://en.wikipedia.org/wiki/Darren_Aronofsky
asimov.us|writer|https://en.wikipedia.org/wiki/Isaac_Asimov
attucks.us|history|https://en.wikipedia.org/wiki/Crispus_Attucks
auliffe.us|political|https://en.wikipedia.org/wiki/McAuliffe_(surname)
auriemma.us|sport|https://en.wikipedia.org/wiki/Geno_Auriemma

avildsen.us|film|https://en.wikipedia.org/wiki/John_G._Avildsen
baekland.us|science|https://en.wikipedia.org/wiki/Leo_Baekeland
ballantine.us|https://en.m.wikipedia.org/wiki/Ballantine
ballerini.us|artist|https://en.wikipedia.org/wiki/Kelsea_Ballerini
ballmer.us|https://en.m.wikipedia.org/wiki/Steve_Ballmer|product.NFT
bardeen.us|science|https://en.wikipedia.org/wiki/John_Bardeen

barrasso.us|political|https://en.wikipedia.org/wiki/John_Barrasso
batterson.us|political|https://en.wikipedia.org/wiki/Mark_Batterson
baugh.us|sport|https://en.wikipedia.org/wiki/Sammy_Baugh
belichick.us|sport|https://en.m.wikipedia.org/wiki/Bill_Belichick
belushi.us|film|https://en.m.wikipedia.org/wiki/John_Belushi
bensinger.us|writer|https://en.wikipedia.org/wiki/Graham_Bensinger

beouf.us|film|https://en.m.wikipedia.org/wiki/Shia_LaBeouf
besson.us|film|https://en.wikipedia.org/wiki/Luc_Besson
bhusri.us|political|https://en.wikipedia.org/wiki/Aneel_Bhusri
bidzos.us|https://en.m.wikipedia.org/wiki/James_Bidzos
birkhoff.us|science|https://en.wikipedia.org/wiki/George_David_Birkhoff
blanchett.us|film|https://en.m.wikipedia.org/wiki/Cate_Blanchett
blige.us|media|https://en.m.wikipedia.org/wiki/Mary_J._Blige
blumenschein.us|artist|https://en.wikipedia.org/wiki/Ernest_L._Blumenschein
boozman.us|political|https://en.m.wikipedia.org/wiki/John_Boozman
borgnine.us|artist|https://en.wikipedia.org/wiki/Ernest_Borgnine
borglum.us|artist|https://en.wikipedia.org/wiki/Gutzon_Borglum
boseman.us|media|https://en.m.wikipedia.org/wiki/Chadwick_Boseman
bosqui.us|artist|https://en.wikipedia.org/wiki/Edward_Bosqui
bosworth.us|artist|https://en.wikipedia.org/wiki/Brian_Bosworth
bowermaster.us|writer|https://en.wikipedia.org/wiki/Jon_Bowermaster
brinton.us|writer|https://en.wikipedia.org/wiki/Crane_Brinton
bourdain.us|media|https://en.m.wikipedia.org/wiki/Anthony_Bourdain
brattain.us|science|https://en.wikipedia.org/wiki/Walter_Houser_Brattain
brolin.us|media|https://en.m.wikipedia.org/wiki/Josh_Brolin
bucksbaum.us|political|https://en.wikipedia.org/wiki/John_Bucksbaum
bunshaft.us|science|https://en.wikipedia.org/wiki/Gordon_Bunshaft
burstyn.us|artist|https://en.wikipedia.org/wiki/Ellen_Burstyn
buttolph.us|artist|https://en.wikipedia.org/wiki/David_Buttolph
caan.us|media|https://en.m.wikipedia.org/wiki/James_Caan
cagney.us|media|https://en.m.wikipedia.org/wiki/James_Cagney
carell.us|media|https://en.m.wikipedia.org/wiki/Steve_Carell
carradine.us|artist|https://en.wikipedia.org/wiki/David_Carradine
carrey.us|media|https://en.m.wikipedia.org/wiki/Jim_Carrey
cassavetes.us|artist|https://en.wikipedia.org/wiki/John_Cassavetes
cather.us|writer|https://en.wikipedia.org/wiki/Willa_Cather
cavill.us|media|https://en.m.wikipedia.org/wiki/Henry_Cavill
cazale.us|artist|https://en.wikipedia.org/wiki/John_Cazale
chainz.us|media|https://en.m.wikipedia.org/wiki/2_Chainz
chakiris.us|artist|https://en.wikipedia.org/wiki/George_Chakiris
channing.us|artist|https://en.wikipedia.org/wiki/Stockard_Channing
cheadle.us|media|https://en.m.wikipedia.org/wiki/Don_Cheadle
clayburgh.us|artist|https://en.wikipedia.org/wiki/Jill_Clayburgh
coburn.us|media|https://en.m.wikipedia.org/wiki/James_Coburn
costner.us|media|https://en.m.wikipedia.org/wiki/Kevin_Costner
coues.us|writer|https://en.wikipedia.org/wiki/Elliott_Coues
coxe.us|political|https://en.m.wikipedia.org/wiki/Tench_Coxe
cready.us|writer|https://en.wikipedia.org/wiki/Gwyn_Cready
crenna.us|artist|https://en.wikipedia.org/wiki/Richard_Crenna
csonka.us|sport|https://en.wikipedia.org/wiki/Larry_Csonka
cudi.us|artist|https://en.wikipedia.org/wiki/Kid_Cudi
cukor.us|film|https://en.wikipedia.org/wiki/George_Cukor
culkin.us|media|https://en.m.wikipedia.org/wiki/Macaulay_Culkin
curtiz.us|film|https://en.wikipedia.org/wiki/Michael_Curtiz
cusack.us|media|https://en.m.wikipedia.org/wiki/John_Cusack
dafoe.us|media|https://en.m.wikipedia.org/wiki/Willem_Dafoe
daglow.us|artist|https://en.wikipedia.org/wiki/Don_Daglow
dennings.us|media|https://en.m.wikipedia.org/wiki/Kat_Dennings
dentzel.us|science|https://en.wikipedia.org/wiki/Gustav_Dentzel
dermott.us|media|https://en.m.wikipedia.org/wiki/Dylan_McDermott
dern.us|media|https://en.m.wikipedia.org/wiki/Bruce_Dern
deschanel.us|media|https://en.m.wikipedia.org/wiki/Zooey_Deschanel
dicaprio.us|media|https://en.m.wikipedia.org/wiki/Leonardo_DiCaprio
dinklage.us|media|https://en.m.wikipedia.org/wiki/Peter_Dinklage
ditka.us|sport|https://en.m.wikipedia.org/wiki/Mike_Ditka
dojacat.us|media|https://en.m.wikipedia.org/wiki/Doja_Cat
doqui.us|film|https://en.wikipedia.org/wiki/Robert_DoQui
dungy.us|sport|https://en.wikipedia.org/wiki/Tony_Dungy
dunin.us|artist|https://en.wikipedia.org/wiki/Elonka_Dunin
durant.us|sport|https://en.m.wikipedia.org/wiki/Kevin_Durant
dushku.us|media|https://en.m.wikipedia.org/wiki/Eliza_Dushku
eazye.us|media|https://en.m.wikipedia.org/wiki/Eazy-E
efron.us|media|https://en.m.wikipedia.org/wiki/Zac_Efron
eilish.us|media|https://en.m.wikipedia.org/wiki/Billie_Eilish
ermey.us|film|https://en.wikipedia.org/wiki/R._Lee_Ermey
erving.us|sport|https://en.wikipedia.org/wiki/Julius_Erving
esherick.us|artist|https://en.wikipedia.org/wiki/Wharton_Esherick
esrey.us|political|https://en.wikipedia.org/wiki/William_Esrey
evert.us|sport|https://en.wikipedia.org/wiki/Chris_Evert
ewbank.us|sport|https://en.wikipedia.org/wiki/Weeb_Ewbank
farmiga.us|film|https://en.wikipedia.org/wiki/Vera_Farmiga
federov.us|sport|https://en.m.wikipedia.org/wiki/Sergei_Fedorov
feynman.us|scientist|https://en.wikipedia.org/wiki/Richard_Feynman
fogelberg.us|music|https://en.wikipedia.org/wiki/Dan_Fogelberg
fosbury.us|sport|https://en.wikipedia.org/wiki/Dick_Fosbury
fosse.us|artist|https://en.wikipedia.org/wiki/Bob_Fosse
frankenhaler.us|artist|https://en.wikipedia.org/wiki/Helen_Frankenthaler
friedan.us|writer|https://en.wikipedia.org/wiki/Betty_Friedan
galifianakis.us|media|https://en.m.wikipedia.org/wiki/Zach_Galifianakis
galouye.us|writer|https://en.wikipedia.org/wiki/Daniel_F._Galouye
gandolfini.us|media|https://en.m.wikipedia.org/wiki/James_Gandolfini
garriott.us|artist|https://en.wikipedia.org/wiki/Richard_Garriott
gawande.us|science|https://en.wikipedia.org/wiki/Atul_Gawande
gebelli.us|programmer|https://en.wikipedia.org/wiki/Nasir_Gebelli
gehrig.us|sport|https://en.m.wikipedia.org/wiki/Lou_Gehrig
gerrold.us|writer|https://en.wikipedia.org/wiki/David_Gerrold
gerwig.us|film|https://en.wikipedia.org/wiki/Greta_Gerwig
giamatti.us|film|https://en.wikipedia.org/wiki/Paul_Giamatti
goldblum.us|media|https://en.m.wikipedia.org/wiki/Jeff_Goldblum
goldwyn.us|https://en.m.wikipedia.org/wiki/Samuel_Goldwyn
grahame.us|film|https://en.wikipedia.org/wiki/Grahame
grylls.us|explorer|https://en.m.wikipedia.org/wiki/Bear_Grylls
gwynne.us|film|https://en.wikipedia.org/wiki/Fred_Gwynne
gyllenhaal.us|media|https://en.m.wikipedia.org/wiki/Jake_Gyllenhaal
hardaway.us|sport|https://en.wikipedia.org/wiki/Penny_Hardaway
harple.us|scientist|https://en.wikipedia.org/wiki/Daniel_Harple
hassam.us|artist|https://en.wikipedia.org/wiki/Childe_Hassam
haurwitz.us|scientist|https://en.wikipedia.org/wiki/Rachel_Haurwitz
heigl.us|media|https://en.m.wikipedia.org/wiki/Katherine_Heigl
hetfield.us|music|https://en.wikipedia.org/wiki/James_Hetfield
hickland.us|film|https://en.wikipedia.org/wiki/Catherine_Hickland
hulce.us|film|https://en.wikipedia.org/wiki/Tom_Hulce
hurston.us|writer|https://en.m.wikipedia.org/wiki/Zora_Neale_Hurston
isley.us|artist|https://en.wikipedia.org/wiki/The_Isley_Brothers
jabbar.us|sport|https://en.wikipedia.org/wiki/Kareem_Abdul-Jabbar
jurdi.us|film|https://en.wikipedia.org/wiki/James_Jurdi
kassabaum.us|engineer|https://en.wikipedia.org/wiki/George_Kassabaum
katsulas.us|film|https://en.wikipedia.org/wiki/Andreas_Katsulas
kervorkian.us|scientist|https://en.m.wikipedia.org/wiki/Jack_Kevorkian
kidman.us|media|https://en.m.wikipedia.org/wiki/Nicole_Kidman
kinnon.us|media|https://en.m.wikipedia.org/wiki/Kate_McKinnon
kiraly.us|sport|https://en.wikipedia.org/wiki/Karch_Kiraly
kooning.us|artist|https://en.wikipedia.org/wiki/Willem_de_Kooning
kozol.us|writer|https://en.wikipedia.org/wiki/Jonathan_Kozol
krasinski.us|media|https://en.m.wikipedia.org/wiki/John_Krasinski
kudrow.us|media|https://en.m.wikipedia.org/wiki/Lisa_Kudrow
kwolek.us|scientist|https://en.wikipedia.org/wiki/Stephanie_Kwolek
latifah.us|media|https://en.m.wikipedia.org/wiki/Queen_Latifah
lambeau.us|sport|https://en.wikipedia.org/wiki/Curly_Lambeau
langella.us|film|https://en.wikipedia.org/wiki/Frank_Langella
langmuir.us|scientist|https://en.wikipedia.org/wiki/Irving_Langmuir
lauper.us|artist|https://en.wikipedia.org/wiki/Cyndi_Lauper
leiter.us|sport|https://en.wikipedia.org/wiki/Jack_Leiter
lemmon.us|media|https://en.m.wikipedia.org/wiki/Jack_Lemmon
leutze.us|artist|https://en.wikipedia.org/wiki/Emanuel_Leutze
limbaugh.us|media|https://en.m.wikipedia.org/wiki/Rush_Limbaugh
lindbergh.us|explorer|https://en.m.wikipedia.org/wiki/Charles_Lindbergh
linklater.us|media|https://en.m.wikipedia.org/wiki/Richard_Linklater
linney.us|film|https://en.wikipedia.org/wiki/Laura_Linney
lizzo.us|media|https://en.m.wikipedia.org/wiki/Lizzo
loggia.us|media|https://en.wikipedia.org/wiki/Robert_Loggia
longfellow.us|writer|https://en.wikipedia.org/wiki/Henry_Wadsworth_Longfellow
lorre.us|media|https://en.wikipedia.org/wiki/Chuck_Lorre
lubitsch.us|media|https://en.wikipedia.org/wiki/Ernst_Lubitsch
lugosi.us|media|https://en.wikipedia.org/wiki/Bela_Lugosi
lumet.us|media|https://en.wikipedia.org/wiki/Sidney_Lumet
mackendrick.us|media|https://en.wikipedia.org/wiki/Alexander_Mackendrick
manchin.us|political|https://en.m.wikipedia.org/wiki/Joe_Manchin
mandis.us|writer|https://en.wikipedia.org/wiki/Steven_Mandis
manigault.us|sport|https://en.wikipedia.org/wiki/Earl_Manigault
marshmello.us|media|https://en.m.wikipedia.org/wiki/Marshmello
matthau.us|media|https://en.wikipedia.org/wiki/Walter_Matthau
mcchrystal.us|general|https://en.m.wikipedia.org/wiki/Stanley_A._McChrystal
mcconaughey.us|media|https://en.m.wikipedia.org/wiki/Matthew_McConaughey
mcdormand.us|media|https://en.m.wikipedia.org/wiki/Frances_McDormand
mcguffey.us|writer|https://en.wikipedia.org/wiki/William_Holmes_McGuffey
mechner.us|media|https://en.wikipedia.org/wiki/Jordan_Mechner
medgar.us|history|https://en.wikipedia.org/wiki/Myrlie_Evers-Williams
meloy.us|media|https://en.wikipedia.org/wiki/Colin_Meloy
mencken.us|writer|https://en.wikipedia.org/wiki/H._L._Mencken
mergenthaler.us|scientist|https://en.wikipedia.org/wiki/Ottmar_Mergenthaler
mickelson.us|sport|https://en.m.wikipedia.org/wiki/Phil_Mickelson
midler.us|media|https://en.m.wikipedia.org/wiki/Bette_Midler
millikan.us|scientist|https://en.wikipedia.org/wiki/Robert_Andrews_Millikan
minaj.us|media|https://en.m.wikipedia.org/wiki/Nicki_Minaj
minnelli.us|media|https://en.wikipedia.org/wiki/Liza_Minnelli
miocic.us|sport|https://en.wikipedia.org/wiki/Stipe_Miocic
mondale.us|political|https://en.m.wikipedia.org/wiki/Walter_Mondale
moretz.us|media|https://en.wikipedia.org/wiki/Chlo%C3%AB_Grace_Moretz
morhaime.us|media|https://en.wikipedia.org/wiki/Michael_Morhaime
mosey.us|media|https://en.wikipedia.org/wiki/Lil_Mosey
mulaney.us|media|https://en.wikipedia.org/wiki/John_Mulaney
mullich.us|media|https://en.wikipedia.org/wiki/David_Mullich
murie.us|scientist|https://en.wikipedia.org/wiki/Margaret_Murie
mustaine.us|media|https://en.wikipedia.org/wiki/Dave_Mustaine
myrlie.us|history|https://en.wikipedia.org/wiki/Myrlie_Evers-Williams
naismith.us|teacher|https://en.wikipedia.org/wiki/James_Naismith
navratilova.us|sport|https://en.m.wikipedia.org/wiki/Martina_Navratilova
neeson.us|media|https://en.wikipedia.org/wiki/Liam_Neeson
nicklaus.us|sport|https://en.wikipedia.org/wiki/Jack_Nicklaus
nimoy.us|media|https://en.wikipedia.org/wiki/Leonard_Nimoy
ninotchka.us|media|https://en.wikipedia.org/wiki/Ninotchka
norworth.us|media|https://en.wikipedia.org/wiki/Jack_Norworth
odenkirk.us|media|https://en.m.wikipedia.org/wiki/Bob_Odenkirk
omalu.us|scientist|https://en.wikipedia.org/wiki/Bennet_Omalu
orbison.us|media|https://en.m.wikipedia.org/wiki/Roy_Orbison
osment.us|media|https://en.wikipedia.org/wiki/Haley_Joel_Osment
pacino.us|media|https://en.wikipedia.org/wiki/Al_Pacino
palahniuk.us|writer|https://en.m.wikipedia.org/wiki/Chuck_Palahniuk
palance.us|media|https://en.m.wikipedia.org/wiki/Jack_Palance
palicki.us|media|https://en.wikipedia.org/wiki/Adrianne_Palicki
paltrow.us|media|https://en.m.wikipedia.org/wiki/Gwyneth_Paltrow
parcells.us|sport|https://en.wikipedia.org/wiki/Bill_Parcells
paterno.us|sport|https://en.m.wikipedia.org/wiki/Joe_Paterno
peckinpah.us|media|https://en.wikipedia.org/wiki/Sam_Peckinpah
peppard.us|media|https://en.wikipedia.org/wiki/George_Peppard
pesci.us|media|https://en.m.wikipedia.org/wiki/Joe_Pesci
poehler.us|media|https://en.m.wikipedia.org/wiki/Amy_Poehler
polanski.us|media|https://en.m.wikipedia.org/wiki/Roman_Polanski
predock.us|engineer|https://en.wikipedia.org/wiki/Antoine_Predock
prefontaine.us|sport|https://en.wikipedia.org/wiki/Steve_Prefontaine
preminger.us|media|https://en.wikipedia.org/wiki/Otto_Preminger
previn.us|artist|https://en.wikipedia.org/wiki/Andr%C3%A9_Previn
priestley.us|scientist|https://en.wikipedia.org/wiki/Joseph_Priestley
prudhomme.us|media|https://en.wikipedia.org/wiki/Paul_Prudhomme
pusha.us|media|https://en.wikipedia.org/wiki/Pusha_T
pynchon.us|writer|https://en.m.wikipedia.org/wiki/Thomas_Pynchon
raimi.us|media|https://en.m.wikipedia.org/wiki/Sam_Raimi
ramis.us|media|https://en.m.wikipedia.org/wiki/Harold_Ramis
rauschenbush.us|scientist|https://en.wikipedia.org/wiki/Walter_Rauschenbusch
rentschler.us|engineer|https://en.wikipedia.org/wiki/Frederick_Rentschler
rexha.us|media|https://en.wikipedia.org/wiki/Bebe_Rexha
reznor.us|media|https://en.wikipedia.org/wiki/Trent_Reznor
ricch.us|media|https://en.wikipedia.org/wiki/Roddy_Ricch
ruffalo.us|media|https://en.m.wikipedia.org/wiki/Mark_Ruffalo
salinger.us|writer|https://en.m.wikipedia.org/wiki/J._D._Salinger
samberg.us|media|https://en.m.wikipedia.org/wiki/Andy_Samberg
sampras.us|sport|https://en.m.wikipedia.org/wiki/Pete_Sampras
schinske.us
schlissel.us
schwarzenegger.us|political|https://en.m.wikipedia.org/wiki/Arnold_Schwarzenegger
scorsese.us|media|https://en.m.wikipedia.org/wiki/Martin_Scorsese
seagal.us|media|https://en.m.wikipedia.org/wiki/Steven_Seagal
sebolt.us
seinfeld.us|media|https://en.m.wikipedia.org/wiki/Seinfeld
seuss.us|writer|https://en.m.wikipedia.org/wiki/Dr._Seuss
shuttlesworth.us|political|https://en.m.wikipedia.org/wiki/Fred_Shuttlesworth
soderbergh.us|media|https://en.m.wikipedia.org/wiki/Steven_Soderbergh
spacey.us|media|https://en.m.wikipedia.org/wiki/Kevin_Spacey
stabenow.us|political|https://en.m.wikipedia.org/wiki/Debbie_Stabenow
streep.us|media|https://en.m.wikipedia.org/wiki/Meryl_Streep
streisand.us|media|https://en.m.wikipedia.org/wiki/Barbra_Streisand
sudeikis.us|media|https://en.m.wikipedia.org/wiki/Jason_Sudeikis
tubman.us
vandross.us|media|https://en.m.wikipedia.org/wiki/Luther_Vandross
vanhise.us|scientist|https://en.wikipedia.org/wiki/Charles_R._Van_Hise
vaux.us|engineer|https://en.wikipedia.org/wiki/Calvert_Vaux
vespucci.us
vonnegut.us|writer|https://en.m.wikipedia.org/wiki/Kurt_Vonnegut
vrabel.us|sport|https://en.wikipedia.org/wiki/Mike_Vrabel
wahlberg.us|media|https://en.m.wikipedia.org/wiki/Mark_Wahlberg
wiig.us|media|https://en.m.wikipedia.org/wiki/Kristen_Wiig
winklevoss.us|https://en.m.wikipedia.org/wiki/Tyler_Winklevoss
winslet.us|media|https://en.m.wikipedia.org/wiki/Kate_Winslet
yzerman.us|sport|https://en.m.wikipedia.org/wiki/Steve_Yzerman
zemeckis.us|media|
zinnemann.us|media|https://en.wikipedia.org/wiki/Fred_Zinnemann
zworykin.us|engineer|https://en.wikipedia.org/wiki/Vladimir_K._Zworykin
