absaroka.us|Absaroka State|wikipedia.org/wiki/Absaroka_(proposed_state)|43.96185152599263|-109.33074719595535|WY|place|rock|1726186756|62652367444291733483705976494538757758952482544655308357132039908522301849601|land1
alagnak.us|Alagnak River|wikipedia.org/wiki/Alagnak_River|59.005008703625464|-156.8601920894646|AL|place|river|1761702917|62652367444291733483705976494538757758952482544655308357132039909621813477377|river1
chebeague.us|Chebeague Island|wikipedia.org/wiki/Chebeague_Island,_Maine|43.744791664296905|-70.10702818733033|ME|place|island|1312119698|62652367444291733483705976494538757758952482544655308357132039910721325105153|island1
abder.us|Abderus|wikipedia.org/wiki/Abderus|39.433412107639384|22.464134224044734|IT|person|ancient|
ahupua.us|wikipedia.org/wiki/Ahupua%CA%BBa|21.900803778260563|-160.12579455267664|HA|thing|ancient
aloalo.us|wikipedia.org/wiki/Aloalo
ananias.us|wikipedia.org/wiki/Ananias_of_Damascus
anthropy.us|wikipedia.org/wiki/Anthropic_principle
bowfin.us|wikipedia.org/wiki/Bowfin
burgesses.us|wikipedia.org/wiki/House_of_Burgesses
catawban.us|wikipedia.org/wiki/Catawban_languages
capoppy.us|wikipedia.org/wiki/Eschscholzia_californica
catholepistemiad.us|wikipedia.org/wiki/History_of_the_University_of_Michigan
cornhusker.us|wikipedia.org/wiki/Nebraska
dismal.us
lushootseed.us|language|https://en.wikipedia.org/wiki/Lushootseed
mant.us
michigania.us
muskogean.us|language|https://en.wikipedia.org/wiki/Muskogean_languages
servi.us
tactician.us
albermarle.us|?
alibate.us
alphons.us
angolabay.us
appiah.us
arequipa.us
arikaras.us
arver.us
arzberger.us
ashkenazy.us
atlixco.us
awiiki.us
bayashi.us
belmore.us
bennitt.us
beowolf.us
bigbead.us
bloodcreek.us
blurgrass.us
bomberger.us
bonnville.us
brandywine.us
breakenridge.us		
borgne.us		
boulaye.us
bouyer.us	
borgian.us|wikipedia.org/wiki/House_of_Borgia
churubusco.us|wikipedia.org/wiki/Churubusco
cobia.us|wikipedia.org/wiki/Cobia
dahak.us|wikipedia.org/wiki/Dahak
eleutherian.us|wikipedia.org/wiki/Eleutheria
embarkation.us|wikipedia.org/wiki/Embarkation
etchemin.us|wikipedia.org/wiki/Etchemin
hodag.us|wikipedia.org/wiki/Hodag
robcreek.us
ruffing.us
ruhmann.us
rylstone.us
seamounts.us
searight.us
shakertown.us
shavitz.us

achomawi.us|tribe|https://en.wikipedia.org/wiki/Achomawi
aleuts.us|tribe|https://en.wikipedia.org/wiki/Aleut
anishinaabe.us|tribe|https://en.wikipedia.org/wiki/Anishinaabe
arikara.us|tribe|https://en.wikipedia.org/wiki/Arikara
atakapa.us|tribe|https://en.wikipedia.org/wiki/Atakapa
atsugewi.us|tribe|https://en.wikipedia.org/wiki/Atsugewi
badriver.us|tribe|https://en.wikipedia.org/wiki/Bad_River_Band_of_the_Lake_Superior_Tribe_of_Chippewa_Indians
blackfeet.us|tribe|https://en.wikipedia.org/wiki/Blackfeet_Nation
boisforte.us|tribe|https://en.wikipedia.org/wiki/Bois_Forte_Band_of_Chippewa
cheyenneriver.us|tribe|https://en.wikipedia.org/wiki/Cheyenne_River_Indian_Reservation
chimakum.us|tribe|https://en.wikipedia.org/wiki/Chimakum
chowan.us|tribe|https://en.wikipedia.org/wiki/Chowan
clatsop.us|tribe|https://en.wikipedia.org/wiki/Clatsop
cowasuck.us|tribe|https://en.wikipedia.org/wiki/Cowasuck
crowcreek.us|tribe|https://en.wikipedia.org/wiki/Crow_Creek_Indian_Reservation
duckvalley.us|tribe|https://en.wikipedia.org/wiki/Duck_Valley_Indian_Reservation
duwamish.us|tribe|https://en.wikipedia.org/wiki/Duwamish_people
esselen.us|tribe|https://en.wikipedia.org/wiki/Esselen
fortbelknap.us|tribe|https://en.wikipedia.org/wiki/Fort_Belknap_Indian_Reservation
fortberthold.us|tribe|https://en.wikipedia.org/wiki/Fort_Berthold_Indian_Reservation
fortpeck.us|tribe|https://en.wikipedia.org/wiki/Fort_Peck_Indian_Reservation
gilariver.us|tribe|https://en.wikipedia.org/wiki/Gila_River_Indian_Community
goshute.us|tribe|https://en.wikipedia.org/wiki/Skull_Valley_Indian_Reservation
hidatsa.us|tribe|https://en.wikipedia.org/wiki/Hidatsa
hohokam.us|tribe|https://en.wikipedia.org/wiki/Hohokam
hunkpapa.us|tribe|https://en.wikipedia.org/wiki/Hunkpapa
klallam.us|tribe|https://en.wikipedia.org/wiki/Klallam
kootenai.us|tribe|https://en.wikipedia.org/wiki/Kootenai_Tribe_of_Idaho
laketraverse.us|tribe|https://en.wikipedia.org/wiki/Lake_Traverse_Indian_Reservation
leechlake.us|tribe|https://en.wikipedia.org/wiki/Leech_Lake_Indian_Reservation
maliseet.us|tribe|https://en.wikipedia.org/wiki/Maliseet
mandan.us|tribe|https://en.wikipedia.org/wiki/Mandan
mikmaq.us|tribe|https://en.wikipedia.org/wiki/Mi%EA%9E%8Ckmaq
miniconjou.us|tribe|https://en.wikipedia.org/wiki/Miniconjou
missiquoi.us|tribe|https://en.wikipedia.org/wiki/Missiquoi
missouria.us|tribe|https://en.wikipedia.org/wiki/Missouria
mogollon.us|tribe|https://en.wikipedia.org/wiki/Mogollon_culture
mohegan.us|tribe|https://en.wikipedia.org/wiki/Mohegan_Tribe
mohican.us|tribe|https://en.wikipedia.org/wiki/Mohicans
montaukett.us|tribe|https://en.wikipedia.org/wiki/Montaukett
munsee.us|tribe|https://en.wikipedia.org/wiki/Munsee
nashaway.us|tribe|https://en.wikipedia.org/wiki/Nashaway
norridgewock.us|tribe|https://en.wikipedia.org/wiki/Norridgewock
oceti.us|tribe|https://en.wikipedia.org/wiki/Great_Sioux_Nation
ojibwe.us|tribe|https://en.wikipedia.org/wiki/Ojibwe
otoe.us|tribe|https://en.wikipedia.org/wiki/Otoe%E2%80%93Missouria_Tribe_of_Indians
ouachita.us|tribe|https://en.wikipedia.org/wiki/Ouachita_people
paiute.us|tribe|https://en.wikipedia.org/wiki/Northern_Paiute_people
pamlico.us|tribe|https://en.wikipedia.org/wiki/Pamlico
passamaquoddy.us|tribe|https://en.wikipedia.org/wiki/Passamaquoddy
patuxet.us|tribe|https://en.wikipedia.org/wiki/Patuxet
pawnee.us|tribe|https://en.wikipedia.org/wiki/Pawnee_people
picosa.us|tribe|https://en.wikipedia.org/wiki/Picosa_culture
pocomtuc.us|tribe|https://en.wikipedia.org/wiki/Pocomtuc
potatuck.us|tribe|https://en.wikipedia.org/wiki/Potatuck
puebloan.us|tribe|https://en.wikipedia.org/wiki/Puebloans
quinault.|tribe|https://en.wikipedia.org/wiki/Quinault_Indian_Nation
rappahannock.us|tribe|https://en.wikipedia.org/wiki/Rappahannock_people
redlake.us|tribe|https://en.wikipedia.org/wiki/Red_Lake_Indian_Reservation

uinta.us|tribe|https://en.wikipedia.org/wiki/Uinta
wabanaki.us|tribe|https://en.wikipedia.org/wiki/Wabanaki_Confederacy
wampanoag.us|tribe|https://en.wikipedia.org/wiki/Wampanoag
wangunk.us|tribe|https://en.wikipedia.org/wiki/Wangunk
wappinger.us|tribe|https://en.wikipedia.org/wiki/Wappinger
wawyachtonoc.us|tribe|https://en.wikipedia.org/wiki/Wawyachtonoc
yuchi.us|tribe|https://en.wikipedia.org/wiki/Yuchi
yurok.us|tribe|https://en.wikipedia.org/wiki/Yurok_Indian_Reservation
zuni.us|tribe|https://en.wikipedia.org/wiki/Zuni_people

afognak.us
akhiok.us
akiachak.us
akiak.us
akutan.us
alakanuk.us
alatna.us
aleknagik.us
allakaket.us
alturas.us

anaktuvuk.us
angoon.us
aniak.us
anvik.us
assiniboine.us
atakapa.us
athapaskan.us
atka.us
caddo.us

cahto.us
chemehuevi.us
chickahominy.us
chignik.us
cochiti.us
cocopah.us
cupeno.us

elwha.us
gakona.us
gambell.us
haliwa.us
hochunk.us
hoonah.us

huslia.us
isleta.us
jemez.us
kaguyak.us
karluk.us
keetoowah.us
khagan.us
kichai.us
kickapoo.us
kiowa.us
klawock.us
kotzebue.us
kumeyaay.us
lamprey.us
luiseno.us
machias.us
madockawando.us
magalloway.us
massaco.us
massasoit.us
mattaponi.us
meherrin.us
meskwaki.us
metallak.us
miantonomoh.us
miccosukee.us
moapa.us
monacan.us

montaukett.us
nansemond.us
ninilchik.us

nipmuc.us
onondaga.us
oyate.us
pamunkey.us

pribilof.us
quapaw.us
quechan.us
sacfox.us
sappony.us
schaghticoke.us
shosone.us
siletz.us
souhegan.us
squamscott.us
sycuan.us
tetlin.us
tisquantum.us
tunxis.us
twanoh.us
umbagog.us
wampage.us
wampanoag.us
wangunk.us
wappinger.us

wawyachtonoc.us
wecquaesgeek.us
winnipesaukee.us

ysleta.us

appleblossom.us
baltimoreoriole.us
blacksusan.us
bluecypress.us
bristleconepine.us
brownpelican.us
brownthrash.us
cabbagepalmetto.us
cactuswren.us
californiapoppy.us
cherokeerose.us
commonloon.us
douglasfir.us
easthemlock.us
eastpine.us
eastredbud.us
goldenrod.us
greatwren.us
grouse.us
hartwickpine.us
hermitthrush.us
larkbunting.us|https://en.wikipedia.org/wiki/Lark_bunting
mockorange.us
northoak.us
ohiobuckeye.us
orangeblossum.us
oregongrape.us
paperbirch.us
pasqueflower.us
peachblossum.us
pinkrhododendron.us
ponderosapine.us
prairierose.us
purplefinch.us
purplelilac.us
purpleviolet.us
rockycolumbine.us
saguarocactus.us
scarletcarnation.us
segolily.us
sugarmaple.us
westhemlock.us
woodviolet.us
yellowjessamine.us
yellowpoplar.us
yuccaflower.us
absaroka.us|land|https://en.wikipedia.org/wiki/Absaroka_(proposed_state)
accokeek.us|land|https://en.wikipedia.org/wiki/Accokeek,_Maryland
acebasin.us|national|https://en.wikipedia.org/wiki/ACE_Basin_National_Wildlife_Refuge
addams.us|national|https://en.wikipedia.org/wiki/Addams/Medill_Park
admiralty.us|land|https://en.wikipedia.org/wiki/Admiralty_Island|island
agamenticus.us|land|https://en.wikipedia.org/wiki/Mount_Agamenticus|mountain
agiocochook.us|mountain|https://en.wikipedia.org/wiki/Mount_Washington
aguafria.us|town|https://en.wikipedia.org/wiki/Agua_Fria,_New_Mexico
ahjumawi.us|national|https://en.wikipedia.org/wiki/Ahjumawi_Lava_Springs_State_Park
ahwahnee.us|town|https://en.wikipedia.org/wiki/Ahwahnee,_California
alagnak.us|river|https://en.wikipedia.org/wiki/Alagnak_River
alalakeiki.us|water|https://en.wikipedia.org/wiki/Channels_of_the_Hawaiian_Islands
alapaha.us|town|https://en.wikipedia.org/wiki/Alapaha,_Georgia
alenuihaha.us|water|https://en.wikipedia.org/wiki/Channels_of_the_Hawaiian_Islands
aleutian.us|island|https://en.wikipedia.org/wiki/Aleutian_Islands
algic.us|language|https://en.wikipedia.org/wiki/Algic_languages
algodones.us|national|https://en.wikipedia.org/wiki/Algodones_Dunes
alibates.us|monument|https://en.wikipedia.org/wiki/Alibates_Flint_Quarries_National_Monument
allapattah.us|town|https://en.wikipedia.org/wiki/Allapattah
alligatorriver.us|national|https://en.wikipedia.org/wiki/Alligator_River_National_Wildlife_Refuge
altamaha.us|water|https://en.wikipedia.org/wiki/Altamaha_River
altoona.us|town|https://en.wikipedia.org/wiki/Altoona,_Pennsylvania
amalik.us|national|https://en.wikipedia.org/wiki/Amalik_Bay_Archeological_District
amatignak.us|island|https://en.wikipedia.org/wiki/Amatignak_Island
ammadelle.us|national|https://en.wikipedia.org/wiki/Ammadelle
analco.us|national|https://en.wikipedia.org/wiki/Barrio_De_Analco_Historic_District
anangula.us|island|https://en.wikipedia.org/wiki/Anangula_Island
androscoggin.us|county|https://en.wikipedia.org/wiki/Androscoggin_County,_Maine
aniakchak.us|monument|https://en.wikipedia.org/wiki/Aniakchak_National_Monument_and_Preserve
antiloch.us|town|https://en.wikipedia.org/wiki/Antioch,_California
apalache.us|town|https://en.wikipedia.org/wiki/Apalache,_South_Carolina
apalachicola.us|national|https://en.wikipedia.org/wiki/Apalachicola_National_Forest
apopka.us|town|https://en.wikipedia.org/wiki/Apopka,_Florida
arapaho.us|national|https://en.wikipedia.org/wiki/Arapaho_National_Forest
arecibo.us|national|https://en.wikipedia.org/wiki/Arecibo_Light
argonne.us|national|https://en.wikipedia.org/wiki/Argonne_National_Laboratory
ashepoo.us|water|https://en.wikipedia.org/wiki/Ashepoo_River
asilomar.us|national|https://en.wikipedia.org/wiki/Asilomar_State_Beach
aslito.us|national|https://en.wikipedia.org/wiki/Saipan_International_Airport
aspendale.us|national|https://en.wikipedia.org/wiki/Aspendale_(Kenton)
assabet.us|national|https://en.wikipedia.org/wiki/Assabet_River_National_Wildlife_Refuge
assateague.us|island|https://en.wikipedia.org/wiki/Assateague_Island
assunpink.us|water|https://en.wikipedia.org/wiki/Assunpink_Creek
astorfur.us|town|https://en.wikipedia.org/wiki/Astor_Fur_Warehouse
atalaya.us|national|https://en.wikipedia.org/wiki/Atalaya_Castle_(US)
atchafalaya.us|national|https://en.wikipedia.org/wiki/Atchafalaya_National_Wildlife_Refuge
athyn.us|town|https://en.wikipedia.org/wiki/Bryn_Athyn,_Pennsylvania
attakapas.us|national|https://en.wikipedia.org/wiki/Attakapas_Wildlife_Management_Area
attu.us|island|https://en.wikipedia.org/wiki/Attu_Island
aucilla.us|national|https://en.wikipedia.org/wiki/Aucilla_Wildlife_Management_Area
averne.us|place|https://en.wikipedia.org/wiki/Arverne,_Queens
awatovi.us|national|https://en.wikipedia.org/wiki/Awatovi_Ruins
aztalan.us|national|https://en.wikipedia.org/wiki/Aztalan_State_Park
babcockranch.us|national|https://en.wikipedia.org/wiki/Babcock_Ranch,_Florida
baldmountain.us|mountain|https://en.wikipedia.org/wiki/Bald_Mountain_(Idaho)		
ballbluff.us|monument|https://en.wikipedia.org/wiki/Ball's_Bluff_Battlefield_and_National_Cemetery
baltusrol.us|place|https://en.wikipedia.org/wiki/Baltusrol_Golf_Club
bandelier.us|monument|https://en.wikipedia.org/wiki/Bandelier_National_Monument
bannack.us|place|https://en.wikipedia.org/wiki/Bannack,_Montana
bannecker.us|national|?
baranof.us|national|https://en.wikipedia.org/wiki/Castle_Hill_(Sitka,_Alaska)
barrancas.us|monument|https://en.wikipedia.org/wiki/Barrancas_National_Cemetery
bartholdi.us|national|https://en.wikipedia.org/wiki/Bartholdi_Park
bashakill.us|national|?
battlecreek.us|place		
bearbutte.us|national|https://en.wikipedia.org/wiki/Bear_Butte
beauport.us|national|https://en.wikipedia.org/wiki/Beauport_(Gloucester,_Massachusetts)
beauvoir.us|national|https://en.wikipedia.org/wiki/Beauvoir_(Biloxi,_Mississippi)
beery.us|film|https://en.wikipedia.org/wiki/Wallace_Beery
belleplain.us|national|https://en.wikipedia.org/wiki/Belleplain_State_Forest
bemidji.us|national|https://en.wikipedia.org/wiki/Lake_Bemidji_State_Park
benardino.us|place|https://en.wikipedia.org/wiki/San_Bernardino,_California
beringland.us|national|https://en.wikipedia.org/wiki/Bering_Land_Bridge_National_Preserve
bethabara.us|national|https://en.wikipedia.org/wiki/Bethabara_Historic_District
bethania.us|place|https://en.wikipedia.org/wiki/Bethania,_North_Carolina
bierstadt.us|mountain|https://en.wikipedia.org/wiki/Mount_Bierstadt
bigbald.us|mountain|https://en.wikipedia.org/wiki/Big_Bald
bigbelt.us|mountain|https://en.wikipedia.org/wiki/Big_Belt_Mountains
bigoaks.us|national|https://en.wikipedia.org/wiki/Big_Oaks_National_Wildlife_Refuge
bigsioux.us|national|https://en.wikipedia.org/wiki/Big_Sioux_Recreation_Area
*bigthick.us
bigthicket.us|national|https://en.wikipedia.org/wiki/Big_Thicket
biloxistate.us|national|https://en.wikipedia.org/wiki/Biloxi_Wildlife_Management_Area
birdcraft.us|national|https://en.wikipedia.org/wiki/Connecticut_Audubon_Society_Birdcraft_Museum_and_Sanctuary
birnirk.us|national|https://en.wikipedia.org/wiki/Birnirk_Site
blackbutte.us|place|https://en.wikipedia.org/wiki/Black_Butte_(Oregon)
*bladenlake.us
bladenlakes.us|national|https://en.wikipedia.org/wiki/Bladen_Lakes_State_Forest
bladensburg.us|monument|https://en.wikipedia.org/wiki/Peace_Cross
blandwood.us|national|https://en.wikipedia.org/wiki/Blandwood_Mansion_and_Gardens
blewitt.us|mountain|https://en.wikipedia.org/wiki/Blewett_Pass
blish.us|national|?
bloodrun.us|national|https://en.wikipedia.org/wiki/Blood_Run_Site
boisblanc.us|island|https://en.wikipedia.org/wiki/Bois_Blanc_Island_(Michigan)
bombayhook.us|national|https://en.wikipedia.org/wiki/Bombay_Hook_National_Wildlife_Refuge
boonesborough.us|national|https://en.wikipedia.org/wiki/Fort_Boonesborough_State_Park
boulter.us|national|https://en.wikipedia.org/wiki/Cedric_G._and_Patricia_Neils_Boulter_House	
boylston.us|land|https://en.wikipedia.org/wiki/Boylston,_Massachusetts
brasstownbald.us|mountain|https://en.wikipedia.org/wiki/Brasstown_Bald
brazoria.us|place|https://en.wikipedia.org/wiki/Brazoria,_Texas
brazos.us|national|https://en.wikipedia.org/wiki/Brazos_Bend_State_Park
bremo.us|national|https://en.wikipedia.org/wiki/Bremo_Historic_District
bridgerteton.us|national|https://en.wikipedia.org/wiki/Bridger%E2%80%93Teton_National_Forest
briggle.us		
brisbois.us
bronck.us|national|https://en.wikipedia.org/wiki/Bronck_House
brooking.us
bruleriver.us|water|https://en.wikipedia.org/wiki/Brule_River_(Minnesota)
bruton.us|national|https://en.wikipedia.org/wiki/Bruton_Parish_Church
budry.us		
bullcreek.us|place|https://en.wikipedia.org/wiki/Bull_Creek_District_Park
bunkerhill.us|monument|https://en.wikipedia.org/wiki/Bunker_Hill_Monument
bushy.us|national|https://en.wikipedia.org/wiki/Bushy_Run_Battlefield
cabildo.us|national|https://en.wikipedia.org/wiki/The_Cabildo
cacapon.us|mountain|https://en.wikipedia.org/wiki/Cacapon_Mountain
caguana.us|national|https://en.wikipedia.org/wiki/Caguana_Ceremonial_Ball_Courts_Site
cahokia.us|national|https://en.wikipedia.org/wiki/Cahokia
calabazas.us
camulos.us|national|https://en.wikipedia.org/wiki/Rancho_Camulos
canavera.us|national|https://en.wikipedia.org/wiki/Canaveral_National_Seashore
caney.us|place|https://en.wikipedia.org/wiki/Caney,_Kansas
cannelton.us|place|https://en.wikipedia.org/wiki/Cannelton,_Indiana
canonic.us|
canyonland.us
capewell.us		
capitolpeak.us|mountain|https://en.wikipedia.org/wiki/Capitol_Peak_(Thurston_County)
capitolreef.us|national|?
capulin.us|monument|https://en.wikipedia.org/wiki/Capulin_Volcano_National_Monument
carrituck.us
carrizo.us|monument|https://en.wikipedia.org/wiki/Carrizo_Plain
carystate.us|national|https://en.wikipedia.org/wiki/Cary_State_Forest
casselmans.us
cedarbreak.us|monument|https://en.wikipedia.org/wiki/Cedar_Breaks_National_Monument
chalmette.us|national|?
chaluka.us|national|https://en.wikipedia.org/wiki/Chaluka_Site
chamizal.us|monument|https://en.wikipedia.org/wiki/Chamizal_National_Memorial
chapultepec.us		
charlesfort.us|national|https://en.wikipedia.org/wiki/Charlesfort-Santa_Elena_Site
charlotteharbor.us|national|https://en.wikipedia.org/wiki/Charlotte_Harbor_Preserve_State_Park
charnley.us|national|https://en.wikipedia.org/wiki/James_Charnley_House
chassahowitzka.us|water|https://en.wikipedia.org/wiki/Chassahowitzka_River
chateauguay.us|water|https://en.wikipedia.org/wiki/Chateauguay_River
cheaha.us|mountain|https://en.wikipedia.org/wiki/Cheaha_Mountain
cheboygan.us|national|https://en.wikipedia.org/wiki/Cheboygan_State_Park
chena.us|place|https://en.wikipedia.org/wiki/Chena_Hot_Springs,_Alaska
chengwatana.us|national|https://en.wikipedia.org/wiki/Chengwatana_State_Forest
chequamegon.us|national|https://en.wikipedia.org/wiki/Chequamegon%E2%80%93Nicolet_National_Forest
cheybogan.us|river|https://en.wikipedia.org/wiki/Cheboygan_River
chieftains.us
chillicothe.us|place|https://en.wikipedia.org/wiki/Chillicothe,_Ohio
chiricahua.us|monument|https://en.wikipedia.org/wiki/Chiricahua_National_Monument
choctawhatchee.us|national|https://en.wikipedia.org/wiki/Choctawhatchee_National_Forest
chpaaqn.us|mountain|https://en.wikipedia.org/wiki/Ch-paa-qn_Peak
christiansted.us|national|https://en.wikipedia.org/wiki/Christiansted_National_Historic_Site
chucalissa.us|national|https://en.wikipedia.org/wiki/Chucalissa
chuska.us|mountain|https://en.wikipedia.org/wiki/Chuska_Mountains
chuuk.us|island|https://en.wikipedia.org/wiki/Chuuk_State
cincpac.us|national|https://en.wikipedia.org/wiki/Commander_in_Chief_Pacific_Fleet_Headquarters_(World_War_II)
cipriani.us		
cleghorn.us|place|https://en.wikipedia.org/wiki/Cleghorn_Lakes_Wilderness
cobscook.us|national|https://en.wikipedia.org/wiki/Cobscook_Bay_State_Park
cochituate.us|national|https://en.wikipedia.org/wiki/Cochituate_State_Park
cockaponset.us|national|https://en.wikipedia.org/wiki/Cockaponset_State_Forest
cocumscossec.us
codiac.us
coloma.us|place|https://en.wikipedia.org/wiki/Coloma,_California
coltsville.us|national|https://en.wikipedia.org/wiki/Coltsville_Historic_District
colville.us|national|https://en.wikipedia.org/wiki/Colville_National_Forest
combahee.us|water|https://en.wikipedia.org/wiki/Combahee_River
conecuh.us|national|https://en.wikipedia.org/wiki/Conecuh_National_Forest
congaree.us|national|https://en.wikipedia.org/wiki/Congaree_National_Park
conville.us
cooleemee.us|national|https://en.wikipedia.org/wiki/Cooleemee
coolmore.us
coonley.us|national|https://en.wikipedia.org/wiki/Coonley_House
corchaug.us|national|https://en.wikipedia.org/wiki/Fort_Corchaug_Archaeological_Site
corinth.us
corliss.us
cormick.us
cortlandt.us|place|https://en.wikipedia.org/wiki/Cortlandt,_New_York
cosorock.us|national|https://en.wikipedia.org/wiki/Coso_Rock_Art_District
coufal.us
coups.us
cowpens.us|national|https://en.wikipedia.org/wiki/Cowpens_National_Battlefield
crailo.us|national|https://en.wikipedia.org/wiki/Fort_Crailo
craney.us|island|https://en.wikipedia.org/wiki/Craney_Island_(Virginia)
cratermoon.us|national|https://en.wikipedia.org/wiki/Craters_of_the_Moon_National_Monument_and_Preserve
croatan.us|national|https://en.wikipedia.org/wiki/Croatan_National_Forest
croton.us
cruces.us
cuartelejo.us|national|https://en.wikipedia.org/wiki/El_Quartelejo_Ruins
cubicolor.us		
cumbres.us|mountain|https://en.wikipedia.org/wiki/Cumbres_Pass
cumgap.us
curecanti.us|national|https://en.wikipedia.org/wiki/Curecanti_National_Recreation_Area
cushnoc.us|national|https://en.wikipedia.org/wiki/Cushnoc_Archeological_Site
custergallatin.us|national|https://en.wikipedia.org/wiki/Gallatin_National_Forest
cutlercoast.us
cuyamaca.us|national|https://en.wikipedia.org/wiki/Cuyamaca_Rancho_State_Park
dahlquist.us
dalene.us
dalles.us|place|https://en.wikipedia.org/wiki/The_Dalles,_Oregon
damwash.us|place|https://en.wikipedia.org/wiki/Beaver_Dam_Wash
danboon.us
darwell.us		
deady.us|political|https://en.wikipedia.org/wiki/Matthew_Deady
deathcanyon.us|place|https://en.wikipedia.org/wiki/Death_Canyon
deathtrap.us		
debsconeag.us|place|https://en.wikipedia.org/wiki/Debsconeag_Lakes
deforrest.us
deltona.us|place|https://en.wikipedia.org/wiki/Deltona,_Florida
deslacs.us|place|https://en.wikipedia.org/wiki/Des_Lacs,_North_Dakota
desot.us
desotonational.us|national|https://en.wikipedia.org/wiki/De_Soto_National_Forest
devanter.us|political|https://en.wikipedia.org/wiki/Willis_Van_Devanter
devilslake.us|water|https://en.wikipedia.org/wiki/Devil's_Lake_(Wisconsin)
dewint.us|national|https://en.wikipedia.org/wiki/DeWint_House
dibella.us|https://www.dibellas.com/
dillard.us|http://www.dillards.com/
dismalswamp.us|national|https://en.wikipedia.org/wiki/Great_Dismal_Swamp_National_Wildlife_Refuge|
dispoint.us|national|https://en.wikipedia.org/wiki/Cape_Disappointment_State_Park
donelson.us|place|https://en.wikipedia.org/wiki/Donelson,_Tennessee
dotrice.us		
doughoregan.us|national|https://en.wikipedia.org/wiki/Doughoregan_Manor
dousman.us|place|https://en.wikipedia.org/wiki/Dousman,_Wisconsin
drydock.us
drytortugas.us
ducktrap.us
dunderberg.us|mountain|https://en.wikipedia.org/wiki/Dunderberg_Mountain
dunleith.us
dunmore.us|place|https://en.wikipedia.org/wiki/Dunmore,_Pennsylvania
dunwoody.us|place|https://en.wikipedia.org/wiki/Dunwoody,_Georgia
dusky.us		
dyea.us|place|https://en.wikipedia.org/wiki/Dyea,_Alaska
earthlodge.us
echota.us|national|https://en.wikipedia.org/wiki/New_Echota
eckenhoff.us		
econfina.us|water|https://en.wikipedia.org/wiki/Econfina_Creek
eddleman.us|national|https://en.wikipedia.org/wiki/Eddleman%E2%80%93McFarland_House
elbridge.us|place|https://en.wikipedia.org/wiki/Elbridge,_New_York
elmshaven.us|national|https://en.wikipedia.org/wiki/Elmshaven
elsholtz.us	
elsing.us
enders.us	
ephrata.us|place|https://en.wikipedia.org/wiki/Ephrata,_Washington
escanaba.us|place|https://en.wikipedia.org/wiki/Escanaba,_Michigan
estacado.us|place|https://en.wikipedia.org/wiki/Estacado,_Texas
estudillo.us|national|https://en.wikipedia.org/wiki/Casa_de_Estudillo
evergladesnational.us|national|https://en.wikipedia.org/wiki/Everglades
extro.us			
fairstone.us
fairystone.us|national|https://en.wikipedia.org/wiki/Fairy_Stone_State_Park
fakahatchee.us|national|https://en.wikipedia.org/wiki/Fakahatchee_Strand_Preserve_State_Park
fallwater.us
faneuil.us|national|https://en.wikipedia.org/wiki/Faneuil_Hall
farlane.us		
farson.us|place|https://en.wikipedia.org/wiki/Farson,_Wyoming
fishring.us
flambeau.us|national|https://en.wikipedia.org/wiki/Flambeau_River_State_Forest
flaptop.us|mountain|https://en.wikipedia.org/wiki/Flattop_Mountain_(Anchorage,_Alaska)
flatts.us
flintrock.us
floridapanther.us|national|https://en.wikipedia.org/wiki/Florida_Panther_National_Wildlife_Refuge
florissant.us|monument|https://en.wikipedia.org/wiki/Florissant_Formation
fluhr.us		
flycatcher.us
forbin.us		
fortcobb.us|place|https://en.wikipedia.org/wiki/Fort_Cobb,_Oklahoma
fortcuster.us|national|https://en.wikipedia.org/wiki/Fort_Custer_Recreation_Area
fortniagara.us|national|https://en.wikipedia.org/wiki/Fort_Niagara_State_Park
fortpickens.us|national|https://en.wikipedia.org/wiki/Fort_Pickens
fortstanton.us|place|https://en.wikipedia.org/wiki/Fort_Stanton
fourche.us
fourcorner.us
frankfurter.us		
frawley.us|national|https://en.wikipedia.org/wiki/Frawley_Ranch
frederica.us
frenchcreek.us|national|https://en.wikipedia.org/wiki/French_Creek_State_Park
frenchman.us
frissell.us|mountain|https://en.wikipedia.org/wiki/Mount_Frissell
frommer.us		
frontenac.us|national|https://en.wikipedia.org/wiki/Frontenac_State_Park
fruitlands.us|national|https://en.wikipedia.org/wiki/Fruitlands_Museum
fuca.us
funicello.us|film|https://en.wikipedia.org/wiki/Annette_Funicello
funk2.us|general|https://en.wikipedia.org/wiki/Paul_E._Funk_II
gadsby.us|national|https://en.wikipedia.org/wiki/Gadsby's_Tavern
galaxara.us		
gannagaro.us|national|https://en.wikipedia.org/wiki/Ganondagan_State_Historic_Site
gardengod.us|national|https://en.wikipedia.org/wiki/Garden_of_the_Gods
gargery.us		
gashog.us		
gastell.us|film|https://en.wikipedia.org/wiki/Norbert_Gastell
gatearctic.us|national|https://en.wikipedia.org/wiki/Gates_of_the_Arctic_National_Park_and_Preserve
gaudens.us
gaukler.us
gauley.us|national|https://en.wikipedia.org/wiki/Gauley_River
gemein.us
geneseo.us|place|https://en.wikipedia.org/wiki/Geneseo,_New_York
gertler.us		
ghostmanor.us|https://en.wikipedia.org/wiki/Ghost_Manor
gibbes.us|national|https://en.wikipedia.org/wiki/Gibbes_Museum_of_Art
giddings.us|place|https://en.wikipedia.org/wiki/Giddings,_Texas
gillivray.us		
gish.us		
giusewa.us|national|https://en.wikipedia.org/wiki/Jemez_Historic_Site
glacialridge.us|national|https://en.wikipedia.org/wiki/Glacial_Lakes_State_Park
glencanyon.us|national|https://en.wikipedia.org/wiki/Glen_Canyon_National_Recreation_Area
glooper.us		
glorieta.us		
goethestate.us|national|https://en.wikipedia.org/wiki/Goethe_State_Forest
gokubi.us		
gorgeana.us|place|https://en.wikipedia.org/wiki/York,_Maine
governors.us
gradywhite.us|boat|https://www.gradywhite.com/
grandbahama.us|island|https://en.wikipedia.org/wiki/Grand_Bahama
grandfork.us|base|https://en.wikipedia.org/wiki/Grand_Forks_Air_Force_Base
grandisland.us|place|https://en.wikipedia.org/wiki/Grand_Island,_Nebraska
grandstair.us|monument|https://en.wikipedia.org/wiki/Grand_Staircase%E2%80%93Escalante_National_Monument
grandstaircase.us|national|https://en.wikipedia.org/wiki/Grand_Staircase%E2%80%93Escalante_National_Monument
gravecreek.us|national|https://en.wikipedia.org/wiki/Grave_Creek_Mound
greatsand.us|national|https://en.wikipedia.org/wiki/Great_Sand_Dunes_National_Park_and_Preserve
greatswamp.us|national|https://en.wikipedia.org/wiki/Great_Swamp_National_Wildlife_Refuge
greely.us|explorer|https://en.wikipedia.org/wiki/Adolphus_Greely
greenswamp.us|national|https://en.wikipedia.org/wiki/Green_Swamp_(North_Carolina)
grenville.us|explorer|https://en.wikipedia.org/wiki/Richard_Grenville
grima.us|character|https://en.wikipedia.org/wiki/Grima
grory.us		
grouseland.us|national|https://en.wikipedia.org/wiki/Grouseland
grueby.us|pottery|https://en.wikipedia.org/wiki/Grueby_Faience_Company
guajome.us|place|https://en.wikipedia.org/wiki/Guajome_Park_Academy
guayama.us|place|https://en.wikipedia.org/wiki/Guayama,_Puerto_Rico
guevavi.us|place|https://en.wikipedia.org/wiki/Mission_Los_Santos_%C3%81ngeles_de_Guevavi
gulker.us|artist|https://en.wikipedia.org/wiki/Chris_Gulker
gullrock.us|pottery
habre.us
hactar.us|character?
hadid.us|film|https://en.wikipedia.org/wiki/Gigi_Hadid
hagar.us|myth|https://en.wikipedia.org/wiki/Hagar
hagman.us		
hakalau.us|national|https://en.wikipedia.org/wiki/Hakalau_Forest_National_Wildlife_Refuge
halelea.us|place
hammonasset.us|national|https://en.wikipedia.org/wiki/Hammonasset_Beach_State_Park
hankan.us		
harlie.us		
harpswell.us|place|https://en.wikipedia.org/wiki/Harpswell,_Maine
harrisville.us|https://en.wikipedia.org/wiki/Harrisville_State_Park
havisham.us		
havre.us|place|https://en.wikipedia.org/wiki/Havre,_Montana
hawikuh.us|place|https://en.wikipedia.org/wiki/Hawikuh_Ruins
headley.us|criminal|https://en.wikipedia.org/wiki/David_Headley
heartisland.us|island|https://en.wikipedia.org/wiki/Heart_Island
heckart.us		
heder.us		
heeia.us|place|https://en.wikipedia.org/wiki/He%CA%BBeia,_Hawaii
heflin.us		
hegeler.us
heiaus.us|https://en.wikipedia.org/wiki/Heiau
heiberger.us			
hellgap.us
henrycoe.us
hertling.us		
heurtley.us|national|https://en.wikipedia.org/wiki/Arthur_Heurtley_House
heyerdahl.us
heyling.us		
hibernian.us
hickam.us
hillforest.us
hinchliffe.us|place|https://en.wikipedia.org/wiki/Hinchliffe_Stadium
hirono.us
hoban.us		
hokukano.us|place|?
holeyland.us|place|?
hollenberg.us|national|https://en.wikipedia.org/wiki/Hollenberg_Pony_Express_Station
hollyhock.us
hollyshelter.us
holston.us|water|https://en.wikipedia.org/wiki/Holston_River
homochitto.us|national|https://en.wikipedia.org/wiki/Homochitto_National_Forest
honokohau.us|place|?
honorat.us
honouliuli.us|national|https://en.wikipedia.org/wiki/Honouliuli_National_Historic_Site
hoopa.us
hopeton.us|national|https://en.wikipedia.org/wiki/Hopeton_Earthworks
hopsewee.us|national|https://en.wikipedia.org/wiki/Hopsewee
hovenweep.us|national|https://en.wikipedia.org/wiki/Hovenweep_National_Monument
huachuca.us|national|https://en.wikipedia.org/wiki/Fort_Huachuca
huamantla.us		
hueco.us|national|https://en.wikipedia.org/wiki/Hueco_Tanks
huilua.us|national|https://en.wikipedia.org/wiki/Huilua_Fishpond
humacao.us|place|https://en.wikipedia.org/wiki/Humacao,_Puerto_Rico
hunley.us		
hywet.us|national|https://en.wikipedia.org/wiki/Stan_Hywet_Hall_and_Gardens
ibapah.us|place|https://en.wikipedia.org/wiki/Ibapah,_Utah
igiugig.us|place|https://en.wikipedia.org/wiki/Igiugig,_Alaska
ignace.us|place|https://en.wikipedia.org/wiki/St._Ignace,_Michigan
iliamna.us|place|https://en.wikipedia.org/wiki/Iliamna,_Alaska
inebriate.us
internationalpeace.us
ipiutak.us|national|https://en.wikipedia.org/wiki/Ipiutak_Site
islandred.us
isleroyale.us|island|https://en.wikipedia.org/wiki/Isle_Royale
iyatayet.us|national|https://en.wikipedia.org/wiki/Iyatayet_Site
jaketown.us|national|https://en.wikipedia.org/wiki/Jaketown_Site
jamestowne.us|national|https://en.wikipedia.org/wiki/Historic_Jamestown
jaranch.us|national|https://en.wikipedia.org/wiki/JA_Ranch
jarrot.us|national|https://en.wikipedia.org/wiki/Nicholas_Jarrot_Mansion
jenningsstate.us|national|https://en.wikipedia.org/wiki/Jennings_Environmental_Education_Center
jerimoth.us|mountain|https://en.wikipedia.org/wiki/Jerimoth_Hill
jessamine.us|https://en.wikipedia.org/wiki/Jessamine
jesup.us|national|https://en.wikipedia.org/wiki/Jesup_Memorial_Library
jevex.us		
jewison.us		
johnsbury.us|place|https://en.wikipedia.org/wiki/St._Johnsbury,_Vermont
johntyler.us
jonathandickinson.us
justinhurst.us|place|?
jwcorbett.us|national|https://en.wikipedia.org/wiki/J.W._Corbett_Wildlife_Management_Area
kabetogama.us|place|https://en.wikipedia.org/wiki/Kabetogama,_Minnesota
kachemak.us|place|https://en.wikipedia.org/wiki/Kachemak,_Alaska
kaena.us|national|https://en.wikipedia.org/wiki/Kaena_Point
kahaleh.us		
kahikinui.us|forest|?
kahuku.us|place|https://en.wikipedia.org/wiki/Kahuku,_Hawaii
kaibab.us|national|https://en.wikipedia.org/wiki/Kaibab_National_Forest
kaieie.us
kaiwi.us
kalae.us|place|https://en.wikipedia.org/wiki/Ka_Lae
kalapana.us|place|https://en.wikipedia.org/wiki/Kalapana,_Hawaii
kalaupapa.us|national|https://en.wikipedia.org/wiki/Kalaupapa_National_Historical_Park
kalohi.us|water|https://en.wikipedia.org/wiki/Channels_of_the_Hawaiian_Islands
kaloko.us|national|https://en.wikipedia.org/wiki/Kaloko-Honok%C5%8Dhau_National_Historical_Park
kamwah.us
kaneohe.us|place|https://en.wikipedia.org/wiki/Kaneohe,_Hawaii
kaniksu.us|national|https://en.wikipedia.org/wiki/Kaniksu_National_Forest
kapapala.us|forest|?
karloff.us
katuwe.us|monument|https://en.wikipedia.org/wiki/Kasha-Katuwe_Tent_Rocks_National_Monument
kaula.us|island|https://en.wikipedia.org/wiki/Ka%CA%BBula
kaulakahi.us|channel|https://en.wikipedia.org/wiki/Channels_of_the_Hawaiian_Islands
kaunolu.us|national|https://en.wikipedia.org/wiki/Kaunolu_Village_Site
kawaiaha.us|national|https://en.wikipedia.org/wiki/Kawaiaha%CA%BBo_Church
keahole.us|place|https://en.wikipedia.org/wiki/Keahole_Point
keahou.us|place|https://en.wikipedia.org/wiki/Keauhou,_Hawaii
keaiwa.us|national|https://en.wikipedia.org/wiki/Kea%CA%BBiwa_Heiau_State_Recreation_Area
kealaikahiki.us
keeffe.us
keeneland.us
keitel.us
kenaifjords.us
kenilworth.us
kennecott.us
kennicott.us
kennywood.us
kenridge.us
keokuk.us
khosrowshahi.us		
kilby.us
kilkaldy.us
killdevil.us
kinbote.us		
kingscanyon.us|national|https://en.wikipedia.org/wiki/Kings_Canyon_National_Park
kingscote.us|national|https://en.wikipedia.org/wiki/Kingscote_(mansion)
kinishba.us|national|https://en.wikipedia.org/wiki/Kinishba_Ruins
kipahoehoe.us|place|?
kirtland.us|national|https://en.wikipedia.org/wiki/Kirtland_Temple
kisatchie.us|national|https://en.wikipedia.org/wiki/Kisatchie_National_Forest
kissimmeechain.us|place|?
kissimmeeprairie.us|national|https://en.wikipedia.org/wiki/Kissimmee_Prairie_Preserve_State_Park
klagetoh.us|national|https://en.wikipedia.org/wiki/Klagetoh_(Leegito)_Chapter_House
klamathmarsh.us|national|https://en.wikipedia.org/wiki/Klamath_Marsh_National_Wildlife_Refuge
kleinhans.us|place|https://en.wikipedia.org/wiki/Kleinhans_Music_Hall
kluger.us
kobuk.us|national|https://en.wikipedia.org/wiki/Kobuk_Valley_National_Park
kohrs.us|national|https://en.wikipedia.org/wiki/Grant%E2%80%93Kohrs_Ranch_National_Historic_Site
kolomoki.us|national|https://en.wikipedia.org/wiki/Kolomoki_Mounds
koochiching.us|place|https://en.wikipedia.org/wiki/Koochiching_County,_Minnesota
koolau.us|mountain|https://en.wikipedia.org/wiki/Ko%CA%BBolau_Range
kosciuszko.us|national|https://en.wikipedia.org/wiki/Kosciuszko_National_Park
kosrae.us|island|https://en.wikipedia.org/wiki/Kosrae
krusenstern.us
kuaokala.us|forest|?
kublbock.us
kukoc.us
kumiva.us
kvichak.us|water|https://en.wikipedia.org/wiki/Kvichak_River
lacassine.us|national|https://en.wikipedia.org/wiki/Lacassine_National_Wildlife_Refuge
lacolle.us
lakehurst.us|base|https://en.wikipedia.org/wiki/Lakehurst_Maxfield_Field
lamoka.us|national|https://en.wikipedia.org/wiki/Lamoka_Site
lamprey.us
landergin.us
landlake.us
langdeau.us|national|https://en.wikipedia.org/wiki/Langdeau_Site
lapidus.us
laumer.us|place|https://en.wikipedia.org/wiki/Laumeier_Sculpture_Park
laurenzo.us
lavabed.us|monument|https://en.wikipedia.org/wiki/Lava_Beds_National_Monument
lecompton.us|paper|https://en.wikipedia.org/wiki/Lecompton_Constitution
leconte.us|mountatin|https://en.wikipedia.org/wiki/Mount_Le_Conte_(Tennessee)
ledesma.us
leelanau.us|national|https://en.wikipedia.org/wiki/Leelanau_State_Park
leffingwell.us|place|?
leinster.us
lemhi.us|mountain|https://en.wikipedia.org/wiki/Lemhi_Pass
lewaro.us|national|https://en.wikipedia.org/wiki/Villa_Lewaro
lewisclark.us
lichenstein.us
ligonier.us|religion|https://en.wikipedia.org/wiki/Ligonier_Ministries
lihue.us|place|https://en.wikipedia.org/wiki/Lihue,_Hawaii
lindenmeier.us|national|https://en.wikipedia.org/wiki/Lindenmeier_Site
lindenwald.us|national|https://en.wikipedia.org/wiki/Martin_Van_Buren_National_Historic_Site
llambias.us|national|https://en.wikipedia.org/wiki/Llambias_House
loaloa.us
lobsang.us
lochjaw.us
lodwick.us
logris.us
lolani.us|national|https://en.wikipedia.org/wiki/%CA%BBIolani_Palace
lond.in
longacre.us|place|https://en.wikipedia.org/wiki/Longacre_Theatre
longue.us
lonhuda.us|pottery|https://en.wikipedia.org/wiki/Lonhuda_pottery
looff.us|national|https://en.wikipedia.org/wiki/Crescent_Park_Looff_Carousel
lorado.us
lorrainemotel.us|national|https://en.wikipedia.org/wiki/National_Civil_Rights_Museum
lospadres.us|national|https://en.wikipedia.org/wiki/Los_Padres_National_Forest
losttrail.us|mountain|https://en.wikipedia.org/wiki/Lost_Trail_Pass
louganis.us|explorer|https://en.wikipedia.org/wiki/Greg_Louganis
luhan.us
lummis.us|place|https://en.wikipedia.org/wiki/Lummis_House
lunenberg.us
lurton.us
machias.us|island|https://en.wikipedia.org/wiki/Machias_Seal_Island
mackinac.us|island|https://en.wikipedia.org/wiki/Mackinac_Island
madewood.us|place|https://en.wikipedia.org/wiki/Madewood_Plantation_House
madol.us|national|https://en.wikipedia.org/wiki/Nan_Madol
magalloway.us|mountain|https://en.wikipedia.org/wiki/Mount_Magalloway
mahoning.us|place|https://en.wikipedia.org/wiki/Mahoning_County,_Ohio
mahoosuc.us|mountain|https://en.wikipedia.org/wiki/Mahoosuc_Range
mahuka.us|national|https://en.wikipedia.org/wiki/Pu%CA%BBu_o_Mahuka_Heiau_State_Monument
maipu.us
malagai.us
malheur.us|national|https://en.wikipedia.org/wiki/Malheur_National_Wildlife_Refuge
malloryswamp.us|place|?
malpais.us|monument|https://en.wikipedia.org/wiki/El_Malpais_National_Monument
manitoga.us|place|https://en.wikipedia.org/wiki/Manitoga
manmound.us|national|https://en.wikipedia.org/wiki/Man_Mound
manzanillo.us
marax.us
mariemont.us|place|https://en.wikipedia.org/wiki/Mariemont,_Ohio
marksville.us|national|https://en.wikipedia.org/wiki/Marksville_Prehistoric_Indian_Site
marmes.us|national|https://en.wikipedia.org/wiki/Marmes_Rockshelter
marpi.us
marshland.us
massaco.us|place|https://en.wikipedia.org/wiki/Massaco
massapeag.us|national|https://en.wikipedia.org/wiki/Fort_Massapeag_Archeological_Site
massasoit.us|national|https://en.wikipedia.org/wiki/Massasoit_State_Park
massoumi.us
matagorda.us|island|https://en.wikipedia.org/wiki/Matagorda_Island
matanzas.us|national|https://en.wikipedia.org/wiki/Matanzas_State_Forest
matiyahu.us
mattamuskeet.us|national|https://en.wikipedia.org/wiki/Lake_Mattamuskeet
mattatuck.us|national|https://en.wikipedia.org/wiki/Mattatuck_State_Forest
mauchley.us
mauna.us|place|https://en.wikipedia.org/wiki/Mauna_Kea
maxhamish.us|place|https://en.wikipedia.org/wiki/Maxhamish_Lake_Provincial_Park_and_Protected_Area
maybury.us|national|https://en.wikipedia.org/wiki/Maybury_State_Park
mcfaddin.us|national|https://en.wikipedia.org/wiki/McFaddin_and_Texas_Point_National_Wildlife_Refuges
meason.us
meldrim.us|national|https://en.wikipedia.org/wiki/Green%E2%80%93Meldrim_House
menoken.us|place|https://en.wikipedia.org/wiki/Menoken,_North_Dakota
menokin.us|national|https://en.wikipedia.org/wiki/Menokin
mesilla.us|place|https://en.wikipedia.org/wiki/Mesilla,_New_Mexico
michilimackinac.us|national|https://en.wikipedia.org/wiki/Fort_Michilimackinac_State_Park
microvac.us
middens.us
midewin.us|national|https://en.wikipedia.org/wiki/Midewin_National_Tallgrass_Prairie
mifune.us		
millford.us|national|https://en.wikipedia.org/wiki/Millford_Plantation
millichrome.us
minisink.us|place|https://en.wikipedia.org/wiki/Minisink,_New_York
minong.us|place|https://en.wikipedia.org/wiki/Minong,_Wisconsin
mississinewa.us|water|https://en.wikipedia.org/wiki/Mississinewa_River
mohonk.us|national|https://en.wikipedia.org/wiki/Mohonk_Preserve
mokuleia.us|place|https://en.wikipedia.org/wiki/Mokul%C4%93ia,_Hawaii
molino.us
moloaa.us|place|https://en.wikipedia.org/wiki/Moloaa_Bay
molstad.us
monocacy.us|national|https://en.wikipedia.org/wiki/Monocacy_National_Battlefield
monongahela.us|national|https://en.wikipedia.org/wiki/Monongahela_National_Forest
monongohela.us
mookini.us|national|https://en.wikipedia.org/wiki/Kohala_Historical_Sites_State_Monument
moosehorn.us|national|https://en.wikipedia.org/wiki/Moosehorn_National_Wildlife_Refuge
morgancity.us|place|https://en.wikipedia.org/wiki/Morgan_City,_Louisiana
morro.us
morven.us|national|https://en.wikipedia.org/wiki/Morven_(Princeton,_New_Jersey)
moshannon.us|national|https://en.wikipedia.org/wiki/Black_Moshannon_State_Park
moundville.us|national|https://en.wikipedia.org/wiki/Moundville_Archaeological_Site
mountainlaurel.us
moyne.us
muddlehead.us
mukilteo.us|place|https://en.wikipedia.org/wiki/Mukilteo,_Washington
mulege.us
muncie.us|place|https://en.wikipedia.org/wiki/Muncie,_Indiana
muskingum.us|place|https://en.wikipedia.org/wiki/Muskingum_County,_Ohio
myakka.us|national|https://en.wikipedia.org/wiki/Myakka_River_State_Park
nampa.us|place|https://en.wikipedia.org/wiki/Nampa,_Idaho
namur.us
nantahala.us|national|https://en.wikipedia.org/wiki/Nantahala_National_Forest
nanwalek.us|place|https://en.wikipedia.org/wiki/Nanwalek,_Alaska
narney.us
nashstream.us|national|https://en.wikipedia.org/wiki/Nash_Stream_Forest
naturalbridge.us|national|https://en.wikipedia.org/wiki/Natural_Bridge_State_Resort_Park
naugatuck.us|national|https://en.wikipedia.org/wiki/Naugatuck_State_Forest|
naulakha.us|national|https://en.wikipedia.org/wiki/Naulakha_(Rudyard_Kipling_House)
naumkeag.us|national|https://en.wikipedia.org/wiki/Naumkeag
nauvoo.us|national|https://en.wikipedia.org/wiki/Nauvoo_State_Park
navassa.us|national|https://en.wikipedia.org/wiki/Navassa_Island_National_Wildlife_Refuge
navesink.us|national|https://en.wikipedia.org/wiki/Navesink_Twin_Lights
negwegon.us|national|https://en.wikipedia.org/wiki/Negwegon_State_Park
nehantic.us|national|https://en.wikipedia.org/wiki/Nehantic_State_Forest
nelchina.us|place|https://en.wikipedia.org/wiki/Nelchina,_Alaska
nenana.us|place|https://en.wikipedia.org/wiki/Nenana,_Alaska
neosho.us|place|https://en.wikipedia.org/wiki/Neosho_County,_Kansas
neuse.us|national|https://en.wikipedia.org/wiki/Cliffs_of_the_Neuse_State_Park
newlands.us
nezperce.us|national|https://en.wikipedia.org/wiki/Nez_Perce_National_Forest
niloak.us|pottery|https://en.wikipedia.org/wiki/Niloak_Pottery
ninigret.us|national|https://en.wikipedia.org/wiki/Ninigret_National_Wildlife_Refuge
niobrara.us|national|https://en.wikipedia.org/wiki/Niobrara_State_Park
nipe.us
nique.us|artist|https://en.wikipedia.org/wiki/Nique
nisqually.us|national|https://en.wikipedia.org/wiki/Billy_Frank_Jr._Nisqually_National_Wildlife_Refuge
noatak.us|national|https://en.wikipedia.org/wiki/Noatak_National_Preserve
nodena.us|national|https://en.wikipedia.org/wiki/Nodena_Site
northcheyenne.us|national|https://en.wikipedia.org/wiki/North_Cheyenne_Ca%C3%B1on_Park
nostrand.us|place|https://en.wikipedia.org/wiki/Nostrand_Avenue
nueces.us|place|https://en.wikipedia.org/wiki/Nueces_County,_Texas
nunivak.us|island|https://en.wikipedia.org/wiki/Nunivak_Island
nyqvist.us
obispo.us|place|https://en.wikipedia.org/wiki/San_Luis_Obispo,_California
ocalanational.us|national|https://en.wikipedia.org/wiki/Ocala_National_Forest
ochlockonee.us|national|https://en.wikipedia.org/wiki/Ochlockonee_River_State_Park
ocmulgee.us|national|https://en.wikipedia.org/wiki/Ocmulgee_Mounds_National_Historical_Park
oconee.us|national|https://en.wikipedia.org/wiki/Chattahoochee%E2%80%93Oconee_National_Forest
oconto.us|place|https://en.wikipedia.org/wiki/Oconto,_Wisconsin
oilcity.us|place|https://en.wikipedia.org/wiki/Oil_City,_Pennsylvania
okaloacoochee.us|national|https://en.wikipedia.org/wiki/Okaloacoochee_Slough_State_Forest
okanogan.us|national|https://en.wikipedia.org/wiki/Wenatchee_National_Forest
okefenokee.us|national|https://en.wikipedia.org/wiki/Okefenokee_Swamp
oldhouse.us
oleopry.us|national|https://en.wikipedia.org/wiki/Grand_Ole_Opry
omnius.us
oologah.us|place|https://en.wikipedia.org/wiki/Oologah,_Oklahoma
oraibi.us|place|https://en.wikipedia.org/wiki/Oraibi,_Arizona
ordinator.us
oregontrail.us|national|https://en.wikipedia.org/wiki/Oregon_Trail
organpipe.us|monument|https://en.wikipedia.org/wiki/Organ_Pipe_Cactus_National_Monument
oriskany.us|national|https://en.wikipedia.org/wiki/Oriskany_Battlefield_State_Historic_Site
oshara.us|culture|https://en.wikipedia.org/wiki/Oshara_Tradition
ossabaw.us|island|https://en.wikipedia.org/wiki/Ossabaw_Island
ossipee.us|mountain|https://en.wikipedia.org/wiki/Ossipee_Mountains
oswego.us|place|https://en.wikipedia.org/wiki/Oswego,_New_York
ouiatenon.us|national|https://en.wikipedia.org/wiki/Fort_Ouiatenon
ouinge.us|national|https://en.wikipedia.org/wiki/San_Gabriel_de_Yungue-Ouinge
owney.us|dog|https://en.wikipedia.org/wiki/Owney_(dog)
pachaug.us|national|https://en.wikipedia.org/wiki/Pachaug_State_Forest
paeonia.us|https://en.wikipedia.org/wiki/Paeonia_(kingdom)
pailolo.us|channel|https://en.wikipedia.org/wiki/Channels_of_the_Hawaiian_Islands
palmito.us
palugvik.us|national|https://en.wikipedia.org/wiki/Palugvik_Site
papanikolaou.us|doctor|https://en.wikipedia.org/wiki/Georgios_Papanikolaou
parashant.us|monument|https://en.wikipedia.org/wiki/Grand_Canyon%E2%80%93Parashant_National_Monument
parlange.us|national|https://en.wikipedia.org/wiki/Parlange_Plantation_House
pascagoula.us|place|https://en.wikipedia.org/wiki/Pascagoula,_Mississippi
pasqual.us
patee.us|national|https://en.wikipedia.org/wiki/Patee_House
patos.us|island|https://en.wikipedia.org/wiki/Patos_Island
paugussett.us|national|https://en.wikipedia.org/wiki/Paugussett_State_Forest
paulsdale.us|national|https://en.wikipedia.org/wiki/Paulsdale
paumanok.us
pavonia.us
payette.us|national|https://en.wikipedia.org/wiki/Payette_National_Forest
paynesprarie.us|national|https://en.wikipedia.org/wiki/Paynes_Prairie_Preserve_State_Park
peacegarden.us|national|https://en.wikipedia.org/wiki/International_Peace_Garden
pearidge.us|national|https://en.wikipedia.org/wiki/Pea_Ridge_National_Military_Park
pearrygin.us|national|https://en.wikipedia.org/wiki/Pearrygin_Lake_State_Park
peary.us|explorer|https://en.wikipedia.org/wiki/Robert_Peary
pemaquid.us|place|https://en.wikipedia.org/wiki/Bristol,_Maine
pemigewasset.us|national|https://en.wikipedia.org/wiki/Pemigewasset_Wilderness
pennacook.us|https://en.wikipedia.org/wiki/Pennacook
pentagoet.us|national|https://en.wikipedia.org/wiki/Pentagoet_Archeological_District
petitcodiac.us|water|https://en.wikipedia.org/wiki/Petitcodiac_River
pfeifferbigsur.us|national|https://en.wikipedia.org/wiki/Pfeiffer_Big_Sur_State_Park
pharaohlake.us|national|https://en.wikipedia.org/wiki/Pharaoh_Lake_Wilderness_Area
pheadris.us
picayunestrand.us|forest|https://en.wikipedia.org/wiki/Picayune,_Mississippi
pielhau.us
piilanihale.us|national|https://en.wikipedia.org/wiki/Kahanu_Garden
pinchot.us|national|https://en.wikipedia.org/wiki/Gifford_Pinchot_National_Forest
pinebluff.us|place|https://en.wikipedia.org/wiki/Pinebluff,_North_Carolina
pipespring.us|monument|https://en.wikipedia.org/wiki/Pipe_Spring_National_Monument
piquette.us
piscataqua.us|water|https://en.wikipedia.org/wiki/Piscataqua_River
piszek.us|place|?
pittsylvania.us|place|https://en.wikipedia.org/wiki/Pittsylvania_County,_Virginia
plainview.us|place|https://en.wikipedia.org/wiki/Plainview,_New_York
playmake.us
pleasence.us
plumas.us|place|https://en.wikipedia.org/wiki/Plumas_County,_California
pocomoke.us|national|https://en.wikipedia.org/wiki/Pocomoke_State_Forest
pocono.us|mountain|https://en.wikipedia.org/wiki/Pocono_Mountains
pocosin.us|national|https://en.wikipedia.org/wiki/Pocosin_Lakes_National_Wildlife_Refuge
pohnpei.us|island|https://en.wikipedia.org/wiki/Pohnpei
pompeys.us
pompion.us|national|https://en.wikipedia.org/wiki/Pompion_Hill_Chapel
poplarbluff.us|place|https://en.wikipedia.org/wiki/Poplar_Bluff,_Missouri
porthuron.us|place|https://en.wikipedia.org/wiki/Port_Huron,_Michigan
portsmith.us
postpile.us|monument|https://en.wikipedia.org/wiki/Devils_Postpile_National_Monument
powderly.us|political|https://en.wikipedia.org/wiki/Terence_V._Powderly
pratchett.us|writer|https://en.wikipedia.org/wiki/Terry_Pratchett
presbytere.us|place|https://en.wikipedia.org/wiki/The_Presbytere
presque.us|national|https://en.wikipedia.org/wiki/Presque_Isle_State_Park
prestwould.us|national|https://en.wikipedia.org/wiki/Prestwould
printzhof.us|national|https://en.wikipedia.org/wiki/The_Printzhof
proviso.us
prudhoe.us|place|https://en.wikipedia.org/wiki/Prudhoe_Bay,_Alaska
ptarmigan.us
punxsutawney.us|place|https://en.wikipedia.org/wiki/Punxsutawney,_Pennsylvania
pupukea.us|place|https://en.wikipedia.org/wiki/P%C5%ABp%C5%ABkea,_Hawaii
puuhonua.us|national|https://en.wikipedia.org/wiki/Pu%CA%BBuhonua_o_H%C5%8Dnaunau_National_Historical_Park
puukohola.us|national|https://en.wikipedia.org/wiki/Pu%CA%BBukohol%C4%81_Heiau_National_Historic_Site
puye.us|national|https://en.wikipedia.org/wiki/Puye_Cliff_Dwellings
quarai.us|monument|https://en.wikipedia.org/wiki/Quarai
quehanna.us|national|https://en.wikipedia.org/wiki/Quehanna_Wild_Area
quimper.us|place|https://en.wikipedia.org/wiki/Quimper_Peninsula
quisp.us
rabideau.us|national|https://en.wikipedia.org/wiki/Rabideau_CCC_Camp
radburn.us|place|https://en.wikipedia.org/wiki/Radburn,_New_Jersey
rattlesnap.us|national|https://en.wikipedia.org/wiki/Rattle_and_Snap
razdolna.us|place|https://en.wikipedia.org/wiki/Razdolna,_Alaska
redden.us
remsen.us|place|https://en.wikipedia.org/wiki/Remsen,_New_York
restigouche.us|place|https://en.wikipedia.org/wiki/Restigouche
retton.us|sport|https://en.wikipedia.org/wiki/Mary_Lou_Retton
richloam.us|place|?
rigaud.us
riggin.us
riggio.us
rioranch.us
ripshin.us|national|https://en.wikipedia.org/wiki/Ripshin_Farm
riscassi.us
ritablanca.us|national|https://en.wikipedia.org/wiki/Rita_Blanca_National_Grassland
riverby.us
rivergorge.us|place?
riverlakes.us
riversdale.us|national|https://en.wikipedia.org/wiki/Riversdale_(Riverdale_Park,_Maryland)
rivington.us|spy|https://en.wikipedia.org/wiki/James_Rivington
robie.us|national|https://en.wikipedia.org/wiki/Robie_House
rochambeau.us|general|https://en.wikipedia.org/wiki/Jean-Baptiste_Donatien_de_Vimeur,_comte_de_Rochambeau
rockingham.us|place|https://en.wikipedia.org/wiki/Rockingham,_North_Carolina
rockshelter.us|national|https://en.wikipedia.org/wiki/Meadowcroft_Rockshelter
rokeby.us|national|https://en.wikipedia.org/wiki/Rokeby_(Barrytown,_New_York)
rolento.us|character|https://en.wikipedia.org/wiki/Rolento
rolvaag.us|writer|https://en.wikipedia.org/wiki/Ole_Edvart_R%C3%B8lvaag
rometty.us|business|https://en.wikipedia.org/wiki/Ginni_Rometty
rooker.us|film|https://en.wikipedia.org/wiki/Michael_Rooker
roscommon.us|place?
roseatoll.us|island|https://en.wikipedia.org/wiki/Rose_Atoll
rosedown.us|national|https://en.wikipedia.org/wiki/Rosedown_Plantation
rotch.us|engineer|https://en.wikipedia.org/wiki/Arthur_Rotch
rotenberger.us|place?
rothko.us|artist|https://en.wikipedia.org/wiki/Mark_Rothko
ruark.us|writer|https://en.wikipedia.org/wiki/Robert_Ruark
rumford.us|place|https://en.wikipedia.org/wiki/Rumford,_Maine
rydell.us|artist|https://en.wikipedia.org/wiki/Bobby_Rydell
ryman.us|place|https://en.wikipedia.org/wiki/Ryman_Auditorium
sabbathday.us
saberhagen.us|sport|https://en.wikipedia.org/wiki/Bret_Saberhagen
sabino.us
sacagawea.us|explorer|https://en.wikipedia.org/wiki/Sacagawea
sacket.us|national|https://en.wikipedia.org/wiki/Sackets_Harbor_Battlefield_State_Historic_Site
saintes.us
sakowin.us|tribe|https://en.wikipedia.org/wiki/Great_Sioux_Nation
salmonchallis.us|national|https://en.wikipedia.org/wiki/Salmon%E2%80%93Challis_National_Forest
samish.us|island|https://en.wikipedia.org/wiki/Samish_Island,_Washington
samoset.us|chief|https://en.wikipedia.org/wiki/Samoset
sanbernard.us
sanblas.us|island|https://en.wikipedia.org/wiki/San_Blas_Islands
sandhill.us
sandrich.us|film|https://en.wikipedia.org/wiki/Mark_Sandrich
sandsnow.us|monument|https://en.wikipedia.org/wiki/Sand_to_Snow_National_Monument
sandusky.us|place|https://en.wikipedia.org/wiki/Sandusky,_Ohio
santanoni.us|mountain|https://en.wikipedia.org/wiki/Santanoni_Peak
santee.us|place|https://en.wikipedia.org/wiki/Santee,_California
sapelo.us|island|https://en.wikipedia.org/wiki/Sapelo_Island
sarandon.us|film|https://en.wikipedia.org/wiki/Susan_Sarandon
saulteaux.us|tribe|https://en.wikipedia.org/wiki/Saulteaux
savalas.us|film|https://en.wikipedia.org/wiki/Telly_Savalas
saweetie.us|artist|https://en.wikipedia.org/wiki/Saweetie
scaparrotti.us|general|https://en.wikipedia.org/wiki/Curtis_Scaparrotti
schaghticoke.us|tribe|https://en.wikipedia.org/wiki/Schaghticoke_people
schiavelli.us|writer|https://en.wikipedia.org/wiki/Vincent_Schiavelli
schifferstadt.us|national|https://en.wikipedia.org/wiki/Schifferstadt_(Frederick,_Maryland)
schoomaker.us|general|https://en.wikipedia.org/wiki/Peter_Schoomaker
schottenheimer.us|sport|https://en.wikipedia.org/wiki/Marty_Schottenheimer
schunnemunk.us|mountain|https://en.wikipedia.org/wiki/Schunemunk_Mountain
scotchtown.us|national|https://en.wikipedia.org/wiki/Scotchtown_(plantation)
scottkey.us|explorer|https://en.wikipedia.org/wiki/Francis_Scott_Key
scottsbluff.us|monument|https://en.wikipedia.org/wiki/Scotts_Bluff_National_Monument
sebastianriver.us|water|https://en.wikipedia.org/wiki/St._Sebastian_River
seldovia.us|place|https://en.wikipedia.org/wiki/Seldovia,_Alaska
selinker.us|professor|https://en.wikipedia.org/wiki/Larry_Selinker
semisopochnoi.us|island|https://en.wikipedia.org/wiki/Semisopochnoi_Island
sennewald.us|general|https://en.wikipedia.org/wiki/Robert_W._Sennewald
sequim.us|place|https://en.wikipedia.org/wiki/Sequim,_Washington
sequoyah.us|explorer|https://en.wikipedia.org/wiki/Sequoyah
seyfried.us|film|https://en.wikipedia.org/wiki/Amanda_Seyfried
shabakunk.us|water|https://en.wikipedia.org/wiki/Shabakunk_Creek
shabarov.us|media|https://en.wikipedia.org/wiki/Alexander_Shabalov
shadd.us|media|https://en.wikipedia.org/wiki/Mary_Ann_Shadd
shalikashvili.us|general|https://en.wikipedia.org/wiki/John_Shalikashvili
shalmaneser.us|myth|https://en.wikipedia.org/wiki/Shalmaneser
shantok.us|place|https://en.wikipedia.org/wiki/Fort_Shantok
shawnee.us|national|https://en.wikipedia.org/wiki/Shawnee_National_Forest
shekomeko.us|land|https://en.wikipedia.org/wiki/Shekomeko,_New_York
shelburne.us|land|https://en.wikipedia.org/wiki/Shelburne,_Vermont
shellhammer.us|business|https://en.wikipedia.org/wiki/Bradford_Shellhammer
sheyenne.us|national|https://en.wikipedia.org/wiki/Sheyenne_National_Grassland
shimek.us|place?
shippen.us|spy|https://en.wikipedia.org/wiki/Peggy_Shippen
sholes.us|history|https://en.wikipedia.org/wiki/Christopher_Latham_Sholes
sholom.us
shrinedemocracy.us|national|https://en.wikipedia.org/wiki/Mount_Rushmore
shuksan.us|mountain|https://en.wikipedia.org/wiki/Mount_Shuksan
shuyak.us|island|https://en.wikipedia.org/wiki/Shuyak_Island
shyamalan.us|film|https://en.wikipedia.org/wiki/M._Night_Shyamalan
shypoke.us
sideling.us|mountain|https://en.wikipedia.org/wiki/Sideling_Hill
silverside.us|boat|https://en.wikipedia.org/wiki/USS_Silversides_(SS-236)
simsbury.us|place|https://en.wikipedia.org/wiki/Simsbury,_Connecticut
sinema.us|political|https://en.wikipedia.org/wiki/Kyrsten_Sinema
sinlahekin.us|land?
siouan.us|tribe|https://en.wikipedia.org/wiki/Waccamaw_Siouan
siouxfall.us|place|https://en.wikipedia.org/wiki/Sioux_Falls,_South_Dakota
siskiyou.us|place|https://en.wikipedia.org/wiki/Siskiyou_County,_California
*sitbull.us
sitgreaves.us|national|https://en.wikipedia.org/wiki/Sitgreaves_National_Forest
sittingbull.us|chief|https://en.wikipedia.org/wiki/Sitting_Bull
siuslaw.us|tribe|https://en.wikipedia.org/wiki/Siuslaw
sixflag.us|business|https://en.wikipedia.org/wiki/Six_Flags
sixrivers.us|national|https://en.wikipedia.org/wiki/Six_Rivers_National_Forest
skewball.us		
skokomish.us|tribe|https://en.wikipedia.org/wiki/Skokomish_Indian_Tribe
skonnard.us|business|https://en.wikipedia.org/wiki/Aaron_Skonnard
skymeadows.us|place?
skytsborg.us|national|https://en.wikipedia.org/wiki/Blackbeard's_Castle
slabside.us
sloancanyon.us|national|https://en.wikipedia.org/wiki/Sloan_Canyon_National_Conservation_Area
slossblast.us|national|https://en.wikipedia.org/wiki/Sloss_Furnaces
smokeymountain.us|mountain|https://en.wikipedia.org/wiki/Great_Smoky_Mountains
smokyhill.us
snakeriver.us|water|https://en.wikipedia.org/wiki/Snake_River
snaketown.us|national|https://en.wikipedia.org/wiki/Hohokam_Pima_National_Monument
snohomish.us|place|https://en.wikipedia.org/wiki/Snohomish,_Washington
snowshoe.us|place|https://en.wikipedia.org/wiki/Snowshoe,_West_Virginia
soare.us|business|https://en.wikipedia.org/wiki/Anastasia_Soare
somervell.us|place|https://en.wikipedia.org/wiki/Somervell_County,_Texas
sondergaard.us|film|https://en.wikipedia.org/wiki/Gale_Sondergaard
sortwell.us
sotterley.us|national|https://en.wikipedia.org/wiki/Sotterley_(Hollywood,_Maryland)
souhegan.us|river|https://en.wikipedia.org/wiki/Souhegan_River
spaatz.us|general|https://en.wikipedia.org/wiki/Carl_Spaatz
spacek.us|film|https://en.wikipedia.org/wiki/Sissy_Spacek
springside.us
sproul.us|media|https://en.wikipedia.org/wiki/R._C._Sproul
squamscott.us|water|https://en.wikipedia.org/wiki/Squamscott_River
squibb.us		
sssnake.us|game|https://en.wikipedia.org/wiki/Sssnake
stabler.us|character|https://en.wikipedia.org/wiki/Elliot_Stabler
standingrock.us|tribe|https://en.wikipedia.org/wiki/Standing_Rock_Indian_Reservation
*standrock.us
stanislaus.us|national|https://en.wikipedia.org/wiki/Stanislaus_National_Forest
stanwix.us|monument|https://en.wikipedia.org/wiki/Fort_Stanwix_National_Monument
starmaster.us|game|https://en.wikipedia.org/wiki/Starmaster
stasheff.us|writer|https://en.wikipedia.org/wiki/Christopher_Stasheff
staten.us|island|https://en.wikipedia.org/wiki/Staten_Island
steamtown.us|national|https://en.wikipedia.org/wiki/Steamtown_National_Historic_Site
steedman.us|place|https://en.wikipedia.org/wiki/Steedman,_Missouri
steenburgen.us|film|https://en.wikipedia.org/wiki/Mary_Steenburgen
steinem.us|writer|https://en.wikipedia.org/wiki/Gloria_Steinem
stellafane.us|national|https://en.wikipedia.org/wiki/Stellafane
stemberg.us|business|https://en.wikipedia.org/wiki/Thomas_G._Stemberg
stepanzoff.us
stiegel.us|business|https://en.wikipedia.org/wiki/Henry_William_Stiegel
stiner.us|general|https://en.wikipedia.org/wiki/Carl_Stiner
stono.us|battle|https://en.wikipedia.org/wiki/Stono_Rebellion
stonum.us|national|https://en.wikipedia.org/wiki/Stonum
stormalong.us|hero|https://en.wikipedia.org/wiki/Alfred_Bulltop_Stormalong
strathairn.us|film|https://en.wikipedia.org/wiki/David_Strathairn
stroheim.us|film|https://en.wikipedia.org/wiki/Erich_von_Stroheim
strykr.us
subscan.us		
summerseat.us|national|https://en.wikipedia.org/wiki/Summerseat_(Morrisville,_Pennsylvania)
sunkland.us
sunside.us
susquehanna.us|national|https://en.wikipedia.org/wiki/Susquehanna_State_Park_(Maryland)
susquehannock.us|national|https://en.wikipedia.org/wiki/Susquehannock_State_Park
swanland.us
swedes.us
szilard.us|docotr|https://en.wikipedia.org/wiki/Leo_Szilard
tacscan.us|game|https://en.wikipedia.org/wiki/Tac/Scan
tahquamenon.us|water|https://en.wikipedia.org/wiki/Tahquamenon_River
taliesin.us|national|https://en.wikipedia.org/wiki/Taliesin_West
talimali.us|national|https://en.wikipedia.org/wiki/Mission_San_Luis_de_Apalachee
talladega.us|national|https://en.wikipedia.org/wiki/Talladega_National_Forest
talquin.us|water|https://en.wikipedia.org/wiki/Lake_Talquin
taney.us|political|https://en.wikipedia.org/wiki/Roger_B._Taney
tapeworm.us		
*tatehell.us
tateshell.us|national|https://en.wikipedia.org/wiki/Tate's_Hell_State_Forest
taumsauk.us|mountain|https://en.wikipedia.org/wiki/Taum_Sauk_Mountain
taussig.us|doctor|https://en.wikipedia.org/wiki/Helen_B._Taussig
tayacoba.us|battle|https://en.wikipedia.org/wiki/Battle_of_Tayacoba
technocore.us|character?
teletraan.us|character?
telfair.us|place|https://en.wikipedia.org/wiki/Telfair_County,_Georgia
tenement.us|national|https://en.wikipedia.org/wiki/Lower_East_Side_Tenement_Museum
texoma.us|place|https://en.wikipedia.org/wiki/Texoma
theroux.us|film|https://en.wikipedia.org/wiki/Justin_Theroux
thicke.us|media|https://en.wikipedia.org/wiki/Robin_Thicke
thirlby.us|film|https://en.wikipedia.org/wiki/Olivia_Thirlby
thoroughgood.us
threelakes.us|place|https://en.wikipedia.org/wiki/Three_Lakes,_Washington
thunderbasin.us|national|https://en.wikipedia.org/wiki/Thunder_Basin_National_Grassland
tidball.us|general|https://en.wikipedia.org/wiki/John_C._Tidball
tigerbay.us|national|https://en.wikipedia.org/wiki/Tiger_Bay_State_Forest
tilelli.us|general|https://en.wikipedia.org/wiki/John_H._Tilelli_Jr.
timpanogos.us|monument|https://en.wikipedia.org/wiki/Timpanogos_Cave_National_Monument
timucuan.us|national|https://en.wikipedia.org/wiki/Timucuan_Ecological_and_Historic_Preserve
tinian.us|island|https://en.wikipedia.org/wiki/Tinian
tippecanoe.us|battle|https://en.wikipedia.org/wiki/Battle_of_Tippecanoe
tisquantum.us|chief|https://en.wikipedia.org/wiki/Squanto
tlingit.us|tribe|https://en.wikipedia.org/wiki/Tlingit
tobaccowala.us|business|https://en.wikipedia.org/wiki/Selina_Tobaccowala
tobyhanna.us|national|https://en.wikipedia.org/wiki/Tobyhanna_State_Park
toei.us		
tohakum.us|mountain|https://en.wikipedia.org/wiki/Lake_Range
tohono.us|tribe|https://en.wikipedia.org/wiki/Tohono_O%CA%BCodham_Indian_Reservation
tohonoodham.us|tribe|https://en.wikipedia.org/wiki/Tohono_O%CA%BCodham_Indian_Reservation
tokugawa.us		
toltec.us|tribe|https://en.wikipedia.org/wiki/Toltec
tomsun.us
toolesboro.us|national|https://en.wikipedia.org/wiki/Toolesboro_Mound_Group
toomey.us|political|https://en.wikipedia.org/wiki/Pat_Toomey
tootsie.us|movie
torgow.us|business|https://en.wikipedia.org/wiki/Gary_Torgow
tosohatchee.us|national|https://en.wikipedia.org/wiki/Tosohatchee_Wildlife_Management_Area
townshend.us		
towpath.us
tramiel.us|business|https://en.wikipedia.org/wiki/Jack_Tramiel
trampas.us|character?
transltr.us		
trembles.us
trifive.us		
trone.us|political|https://en.wikipedia.org/wiki/David_Trone
trough.us|national|https://en.wikipedia.org/wiki/Trough_Creek_State_Park
trowbridge.us		
tsushima.us|game
tuberville.us|political|https://en.wikipedia.org/wiki/Tommy_Tuberville
tuckahoe.us|national|https://en.wikipedia.org/wiki/Tuckahoe_State_Park
tumacacori.us|national|https://en.wikipedia.org/wiki/Tumac%C3%A1cori_National_Historical_Park
tunxis.us
turtlemountain.us|tribe|https://en.wikipedia.org/wiki/Turtle_Mountain_Indian_Reservation
tutankham.us|game|https://en.wikipedia.org/wiki/Tutankham
tuxpan.us		
tuzigoot.us|monument|https://en.wikipedia.org/wiki/Tuzigoot_National_Monument
twana.us|tribe|https://en.wikipedia.org/wiki/Twana
type51.us		
tytus.us
uintah.us|place|https://en.wikipedia.org/wiki/Uintah_County,_Utah
umbagog.us|national|https://en.wikipedia.org/wiki/Umbagog_Lake
umpqua.us|national|https://en.wikipedia.org/wiki/Umpqua_National_Forest
unalaska.us|island|https://en.wikipedia.org/wiki/Unalaska_Island
uncompahgre.us|mountain|https://en.wikipedia.org/wiki/Uncompahgre_Peak
unitarian.us
upolu.us|island|https://en.wikipedia.org/wiki/Upolu
ursuline.us|national|https://en.wikipedia.org/wiki/Old_Ursuline_Convent,_New_Orleans
utemountain.us|mountain|https://en.wikipedia.org/wiki/Ute_Mountain
uwharrie.us|national|https://en.wikipedia.org/wiki/Uwharrie_National_Forest
vachel.us
valcour.us|island|https://en.wikipedia.org/wiki/Valcour_Island
valleyquail.us	
verendrye.us|monument|https://en.wikipedia.org/wiki/Verendrye_Site
vermeil.us		
vermilioncliff.us|monument|https://en.wikipedia.org/wiki/Vermilion_Cliffs_National_Monument
verrazzano.us|explorer|https://en.wikipedia.org/wiki/Giovanni_da_Verrazzano
vescovo.us|explorer|https://en.wikipedia.org/wiki/Victor_Vescovo
vieux.us
vincennes.us|place|https://en.wikipedia.org/wiki/Vincennes,_Indiana
voyageurs.us|national|https://en.wikipedia.org/wiki/Voyageurs_National_Park
voznesenka.us|place|https://en.wikipedia.org/wiki/Voznesenka,_Alaska
wabash.us|place|https://en.wikipedia.org/wiki/Wabash,_Indiana
wabbit.us		
waccasassa.us|national|https://en.wikipedia.org/wiki/Waccasassa_Bay_Preserve_State_Park
wacissa.us|place|https://en.wikipedia.org/wiki/Wacissa,_Florida
wadsforth.us|national|https://en.wikipedia.org/wiki/Wadsworth_Mansion_at_Long_Hill
wagonroad.us|national|https://en.wikipedia.org/wiki/Santiam_Wagon_Road
wahiawa.us|place|https://en.wikipedia.org/wiki/Wahiawa,_Hawaii
wahpekute.us|tribe|https://en.wikipedia.org/wiki/Mdewakanton
waiahole.us|forest
waiakea.us|forest
waikoloa.us|place|https://en.wikipedia.org/wiki/Waikoloa_Village,_Hawaii
wailua.us|place|https://en.wikipedia.org/wiki/Wailua,_Kauai_County,_Hawaii
wakeforest.us|place|https://en.wikipedia.org/wiki/Wake_Forest_University
walkriver.us
walkwater.us
wallowa.us|national|https://en.wikipedia.org/wiki/Wallowa_Lake_State_Park
wanton.us
waquoit.us|place|https://en.wikipedia.org/wiki/Waquoit_Bay
warmspring.us|tribe|https://en.wikipedia.org/wiki/Warm_Springs_Indian_Reservation
warplock.us|weapon
wasikowska.us|film|https://en.wikipedia.org/wiki/Mia_Wasikowska
watauga.us|place|https://en.wikipedia.org/wiki/Watauga,_Texas
waterston.us|film|https://en.wikipedia.org/wiki/Katherine_Waterston
watervliet.us|place|https://en.wikipedia.org/wiki/Watervliet,_New_York
watzek.us|national|https://en.wikipedia.org/wiki/Aubrey_R._Watzek_House
waucoba.us|mountain|https://en.wikipedia.org/wiki/Waucoba_Mountain
waynesborough.us|national|https://en.wikipedia.org/wiki/Waynesborough
wecquaesgeek.us|tribe|https://en.wikipedia.org/wiki/Wecquaesgeek
weippe.us|place|https://en.wikipedia.org/wiki/Weippe,_Idaho
weirfarm.us|national|https://en.wikipedia.org/wiki/Weir_Farm_National_Historical_Park
wendigo.us|myth|https://en.wikipedia.org/wiki/Wendigo
wennmachers.us|https://en.wikipedia.org/wiki/Margit_Wennmachers
wesker.us|game
westminister.us|place|https://en.wikipedia.org/wiki/Westminster,_California
weyand.us|general|https://en.wikipedia.org/wiki/Frederick_C._Weyand
weyerhauser.us|https://en.wikipedia.org/wiki/Weyerhaeuser
wheelock.us|place|https://en.wikipedia.org/wiki/Wheelock_College
whiskeytown.us|place|https://en.wikipedia.org/wiki/Whiskeytown,_California
whitebutte.us|mountain|https://en.wikipedia.org/wiki/White_Butte
whiteearth.us|tribe|https://en.wikipedia.org/wiki/White_Earth_Indian_Reservation
whitefishbay.us|place|https://en.wikipedia.org/wiki/Whitefish_Bay,_Wisconsin
whitehaven.us|national park?
whiteriver.us|national|https://en.wikipedia.org/wiki/White_River_National_Forest
whitesand.us|national|https://en.wikipedia.org/wiki/White_Sands_National_Park
whitespruce.us
widmark.us|film|https://en.wikipedia.org/wiki/Richard_Widmark
willamette.us|national|https://en.wikipedia.org/wiki/Willamette_National_Forest
winnicut.us|water|https://en.wikipedia.org/wiki/Winnicut_River
winnipesaukee.us|place|https://en.wikipedia.org/wiki/Lake_Winnipesaukee
wiren.us	
witchita.us|place|https://en.wikipedia.org/wiki/Wichita,_Kansas
witrock.us
wompatuck.us|national|https://en.wikipedia.org/wiki/Wompatuck_State_Park
wonalancet.us|place|https://en.wikipedia.org/wiki/Wonalancet,_New_Hampshire
woodville.us|place|https://en.wikipedia.org/wiki/Woodville,_Texas
wupatki.us|monument|https://en.wikipedia.org/wiki/Wupatki_National_Monument
wyandanch.us|place|https://en.wikipedia.org/wiki/Wyandanch,_New_York
xingtai.us|place|https://en.wikipedia.org/wiki/Xingtai
yaddo.us|place|https://en.wikipedia.org/wiki/Yaddo
yampa.us|national|https://en.wikipedia.org/wiki/Yampa_River_State_Park
yamsay.us|mountain|https://en.wikipedia.org/wiki/Yamsay_Mountain
yelchin.us|media|https://en.wikipedia.org/wiki/Anton_Yelchin
yeocomico.us|water|https://en.wikipedia.org/wiki/Yeocomico_River
yungue.us|mountain|https://en.wikipedia.org/wiki/El_Yunque_(Puerto_Rico)
zoar.us|place|https://en.wikipedia.org/wiki/Zoar,_Ohio
zorac.us		

abizaid.us|general|https://en.wikipedia.org/wiki/John_Abizaid
aguadores.us|battle|https://en.wikipedia.org/wiki/Battle_of_the_Aguadores
alamance.us|battle|https://en.wikipedia.org/wiki/Battle_of_Alamance
armistead.us|general|https://en.wikipedia.org/wiki/Lewis_Armistead
austin3.us|general|https://en.wikipedia.org/wiki/Lloyd_Austin
benteen.us|general|https://en.wikipedia.org/wiki/Frederick_Benteen
barneson.us|general|https://en.wikipedia.org/wiki/John_Barneson
bellefamille.us|battle|https://en.wikipedia.org/wiki/Battle_of_La_Belle-Famille
brazito.us|battle|https://en.wikipedia.org/wiki/Battle_of_El_Brazito
brices.us|battle|https://en.wikipedia.org/wiki/Battle_of_Brices_Cross_Roads
cavoli.us|general|https://en.wikipedia.org/wiki/Christopher_G._Cavoli
chancellorsville.us|battle|https://en.wikipedia.org/wiki/Battle_of_Chancellorsville
chesarek.us|general|https://en.wikipedia.org/wiki/Ferdinand_J._Chesarek
chiarelli.us|general|https://en.wikipedia.org/wiki/Peter_W._Chiarelli
chippawa.us|battle|https://en.wikipedia.org/wiki/Battle_of_Chippawa
chosin.us|battle|https://en.wikipedia.org/wiki/Battle_of_Chosin_Reservoir
crysler.us|battle|https://en.wikipedia.org/wiki/Battle_of_Crysler%27s_Farm
cygnes.us|battle|https://en.wikipedia.org/wiki/Battle_of_Marais_des_Cygnes
emuckfaw.us|battle|https://en.wikipedia.org/wiki/Battles_of_Emuckfaw_and_Enotachopo_Creek
enotachopo.us|battle|https://en.wikipedia.org/wiki/Battles_of_Emuckfaw_and_Enotachopo_Creek
fortbull.us|battle|https://en.wikipedia.org/wiki/Battle_of_Fort_Bull
francismarion.us|general|https://en.wikipedia.org/wiki/Francis_Marion
gaspee.us|battle|https://en.wikipedia.org/wiki/Gaspee_Affair
goodpaster.us|general|https://en.wikipedia.org/wiki/Andrew_Goodpaster
gruenther.us|general|https://en.wikipedia.org/wiki/Alfred_Gruenther
guadalcanal.us|battle|https://en.wikipedia.org/wiki/Guadalcanal_campaign
guasimas.us|battle|https://en.wikipedia.org/wiki/Battle_of_Las_Guasimas
hobkirk.us|battle|https://en.wikipedia.org/wiki/Battle_of_Hobkirk's_Hill
howze.us|general|https://en.wikipedia.org/wiki/Hamilton_H._Howze
inkpaduta.us|chief|https://en.wikipedia.org/wiki/Inkpaduta
iwojima.us|battle|https://en.wikipedia.org/wiki/Battle_of_Iwo_Jima
johnross.us|chief|https://en.wikipedia.org/wiki/John_Ross_(Cherokee_chief)
joulwan.us|general|https://en.wikipedia.org/wiki/George_Joulwan
jumonville.us|battle|https://en.wikipedia.org/wiki/Battle_of_Jumonville_Glen
kathio.us|battle|https://en.wikipedia.org/wiki/Battle_of_Kathio
kroesen.us|general|https://en.wikipedia.org/wiki/Frederick_Kroesen
lacamera.us|general|https://en.wikipedia.org/wiki/Paul_LaCamera
lemnitzer.us|general|https://en.wikipedia.org/wiki/Lyman_Lemnitzer
livsey.us|general|https://en.wikipedia.org/wiki/William_J._Livsey
louisbourg.us|battle|https://en.wikipedia.org/wiki/Siege_of_Louisbourg_(1758)
madockawando.us|chief|https://en.wikipedia.org/wiki/Madockawando
maguaga.us|battle|https://en.wikipedia.org/wiki/Battle_of_Maguaga
manimani.us|battle|https://en.wikipedia.org/wiki/Battle_of_Manimani
manuelito.us|chief|https://en.wikipedia.org/wiki/Manuelito
matewan.us|battle|https://en.wikipedia.org/wiki/Battle_of_Matewan
mcnarney.us|general|https://en.wikipedia.org/wiki/Joseph_T._McNarney
meigs.us|general|https://en.wikipedia.org/wiki/Montgomery_Meigs_(born_1945)
menetrey.us|general|https://en.wikipedia.org/wiki/Louis_C._Menetrey
metallak.us|chief|https://en.wikipedia.org/wiki/Metallak
nakasone.us|general|https://en.wikipedia.org/wiki/Paul_M._Nakasone
occom.us|chief|https://en.wikipedia.org/wiki/Samson_Occom
odierno.us|general|https://en.wikipedia.org/wiki/Raymond_T._Odierno
osceola.us|chief|https://en.wikipedia.org/wiki/Osceola
palastra.us|general|https://en.wikipedia.org/wiki/Joseph_T._Palastra_Jr.
passaconaway.us|chielf|https://en.wikipedia.org/wiki/Passaconaway
paugus.us|chief|https://en.wikipedia.org/wiki/Chief_Paugus
peleliu.us|battle|https://en.wikipedia.org/wiki/Battle_of_Peleliu
pepperrell.us|general|https://en.wikipedia.org/wiki/William_Pepperrell
pequot.us|battle|https://en.wikipedia.org/wiki/Pequot_War
petraeus.us|general|https://en.m.wikipedia.org/wiki/David_Petraeus
plassey.us|battle|https://en.wikipedia.org/wiki/Battle_of_Plassey
pusan.us|battle|https://en.wikipedia.org/wiki/Battle_of_Pusan_Perimeter
queenston.us|battle|https://en.wikipedia.org/wiki/Battle_of_Queenston_Heights
uncas.us|chief|https://en.wikipedia.org/wiki/Uncas
veracruz.us|battle|https://en.wikipedia.org/wiki/Siege_of_Veracruz
vessey.us|general|https://en.wikipedia.org/wiki/John_William_Vessey_Jr.
vuono.us|general|https://en.wikipedia.org/wiki/Carl_E._Vuono
wampage.us|chief|https://en.wikipedia.org/wiki/Wampage
waxhaws.us|battle|https://en.wikipedia.org/wiki/Battle_of_Waxhaws
woolnough.us|general|https://en.wikipedia.org/wiki/James_K._Woolnough

abrashkin.us|film|https://en.wikipedia.org/wiki/Raymond_Abrashkin
adlai.us|political|https://en.wikipedia.org/wiki/Adlai_Stevenson_II
agassiz.us|science|https://en.wikipedia.org/wiki/Louis_Agassiz
aldean.us|music|https://en.wikipedia.org/wiki/Jason_Aldean
alito.us|political|https://en.wikipedia.org/wiki/Samuel_Alito
alsop.us|writer|https://en.wikipedia.org/wiki/Joseph_Alsop
ambursen.us|science|https://en.wikipedia.org/wiki/Nils_F._Ambursen
ameche.us|film|https://en.wikipedia.org/wiki/Don_Ameche

angelou.us|writer|https://en.wikipedia.org/wiki/Maya_Angelou
arcuri.us|political|https://en.wikipedia.org/wiki/Jennifer_Arcuri
armisen.us|film|https://en.wikipedia.org/wiki/Fred_Armisen
aronofsky.us|film|https://en.wikipedia.org/wiki/Darren_Aronofsky
asimov.us|writer|https://en.wikipedia.org/wiki/Isaac_Asimov
attucks.us|history|https://en.wikipedia.org/wiki/Crispus_Attucks
auliffe.us|political|https://en.wikipedia.org/wiki/McAuliffe_(surname)
auriemma.us|sport|https://en.wikipedia.org/wiki/Geno_Auriemma

avildsen.us|film|https://en.wikipedia.org/wiki/John_G._Avildsen
baekland.us|science|https://en.wikipedia.org/wiki/Leo_Baekeland
ballantine.us|https://en.m.wikipedia.org/wiki/Ballantine
ballerini.us|artist|https://en.wikipedia.org/wiki/Kelsea_Ballerini
ballmer.us|https://en.m.wikipedia.org/wiki/Steve_Ballmer|product.NFT
bardeen.us|science|https://en.wikipedia.org/wiki/John_Bardeen

barrasso.us|political|https://en.wikipedia.org/wiki/John_Barrasso
batterson.us|political|https://en.wikipedia.org/wiki/Mark_Batterson
baugh.us|sport|https://en.wikipedia.org/wiki/Sammy_Baugh
belichick.us|sport|https://en.m.wikipedia.org/wiki/Bill_Belichick
belushi.us|film|https://en.m.wikipedia.org/wiki/John_Belushi
bensinger.us|writer|https://en.wikipedia.org/wiki/Graham_Bensinger

beouf.us|film|https://en.m.wikipedia.org/wiki/Shia_LaBeouf
besson.us|film|https://en.wikipedia.org/wiki/Luc_Besson
bhusri.us|political|https://en.wikipedia.org/wiki/Aneel_Bhusri
bidzos.us|https://en.m.wikipedia.org/wiki/James_Bidzos
birkhoff.us|science|https://en.wikipedia.org/wiki/George_David_Birkhoff
blanchett.us|film|https://en.m.wikipedia.org/wiki/Cate_Blanchett
blige.us|media|https://en.m.wikipedia.org/wiki/Mary_J._Blige
blumenschein.us|artist|https://en.wikipedia.org/wiki/Ernest_L._Blumenschein
boozman.us|political|https://en.m.wikipedia.org/wiki/John_Boozman
borgnine.us|artist|https://en.wikipedia.org/wiki/Ernest_Borgnine
borglum.us|artist|https://en.wikipedia.org/wiki/Gutzon_Borglum
boseman.us|media|https://en.m.wikipedia.org/wiki/Chadwick_Boseman
bosqui.us|artist|https://en.wikipedia.org/wiki/Edward_Bosqui
bosworth.us|artist|https://en.wikipedia.org/wiki/Brian_Bosworth
bowermaster.us|writer|https://en.wikipedia.org/wiki/Jon_Bowermaster
brinton.us|writer|https://en.wikipedia.org/wiki/Crane_Brinton
bourdain.us|media|https://en.m.wikipedia.org/wiki/Anthony_Bourdain
brattain.us|science|https://en.wikipedia.org/wiki/Walter_Houser_Brattain
brolin.us|media|https://en.m.wikipedia.org/wiki/Josh_Brolin
bucksbaum.us|political|https://en.wikipedia.org/wiki/John_Bucksbaum
bunshaft.us|science|https://en.wikipedia.org/wiki/Gordon_Bunshaft
burstyn.us|artist|https://en.wikipedia.org/wiki/Ellen_Burstyn
buttolph.us|artist|https://en.wikipedia.org/wiki/David_Buttolph
caan.us|media|https://en.m.wikipedia.org/wiki/James_Caan
cagney.us|media|https://en.m.wikipedia.org/wiki/James_Cagney
carell.us|media|https://en.m.wikipedia.org/wiki/Steve_Carell
carradine.us|artist|https://en.wikipedia.org/wiki/David_Carradine
carrey.us|media|https://en.m.wikipedia.org/wiki/Jim_Carrey
cassavetes.us|artist|https://en.wikipedia.org/wiki/John_Cassavetes
cather.us|writer|https://en.wikipedia.org/wiki/Willa_Cather
cavill.us|media|https://en.m.wikipedia.org/wiki/Henry_Cavill
cazale.us|artist|https://en.wikipedia.org/wiki/John_Cazale
chainz.us|media|https://en.m.wikipedia.org/wiki/2_Chainz
chakiris.us|artist|https://en.wikipedia.org/wiki/George_Chakiris
channing.us|artist|https://en.wikipedia.org/wiki/Stockard_Channing
cheadle.us|media|https://en.m.wikipedia.org/wiki/Don_Cheadle
clayburgh.us|artist|https://en.wikipedia.org/wiki/Jill_Clayburgh
coburn.us|media|https://en.m.wikipedia.org/wiki/James_Coburn
costner.us|media|https://en.m.wikipedia.org/wiki/Kevin_Costner
coues.us|writer|https://en.wikipedia.org/wiki/Elliott_Coues
coxe.us|political|https://en.m.wikipedia.org/wiki/Tench_Coxe
cready.us|writer|https://en.wikipedia.org/wiki/Gwyn_Cready
crenna.us|artist|https://en.wikipedia.org/wiki/Richard_Crenna
csonka.us|sport|https://en.wikipedia.org/wiki/Larry_Csonka
cudi.us|artist|https://en.wikipedia.org/wiki/Kid_Cudi
cukor.us|film|https://en.wikipedia.org/wiki/George_Cukor
culkin.us|media|https://en.m.wikipedia.org/wiki/Macaulay_Culkin
curtiz.us|film|https://en.wikipedia.org/wiki/Michael_Curtiz
cusack.us|media|https://en.m.wikipedia.org/wiki/John_Cusack
dafoe.us|media|https://en.m.wikipedia.org/wiki/Willem_Dafoe
daglow.us|artist|https://en.wikipedia.org/wiki/Don_Daglow
dennings.us|media|https://en.m.wikipedia.org/wiki/Kat_Dennings
dentzel.us|science|https://en.wikipedia.org/wiki/Gustav_Dentzel
dermott.us|media|https://en.m.wikipedia.org/wiki/Dylan_McDermott
dern.us|media|https://en.m.wikipedia.org/wiki/Bruce_Dern
deschanel.us|media|https://en.m.wikipedia.org/wiki/Zooey_Deschanel
dicaprio.us|media|https://en.m.wikipedia.org/wiki/Leonardo_DiCaprio
dinklage.us|media|https://en.m.wikipedia.org/wiki/Peter_Dinklage
ditka.us|sport|https://en.m.wikipedia.org/wiki/Mike_Ditka
dojacat.us|media|https://en.m.wikipedia.org/wiki/Doja_Cat
doqui.us|film|https://en.wikipedia.org/wiki/Robert_DoQui
dungy.us|sport|https://en.wikipedia.org/wiki/Tony_Dungy
dunin.us|artist|https://en.wikipedia.org/wiki/Elonka_Dunin
durant.us|sport|https://en.m.wikipedia.org/wiki/Kevin_Durant
dushku.us|media|https://en.m.wikipedia.org/wiki/Eliza_Dushku
eazye.us|media|https://en.m.wikipedia.org/wiki/Eazy-E
efron.us|media|https://en.m.wikipedia.org/wiki/Zac_Efron
eilish.us|media|https://en.m.wikipedia.org/wiki/Billie_Eilish
ermey.us|film|https://en.wikipedia.org/wiki/R._Lee_Ermey
erving.us|sport|https://en.wikipedia.org/wiki/Julius_Erving
esherick.us|artist|https://en.wikipedia.org/wiki/Wharton_Esherick
esrey.us|political|https://en.wikipedia.org/wiki/William_Esrey
evert.us|sport|https://en.wikipedia.org/wiki/Chris_Evert
ewbank.us|sport|https://en.wikipedia.org/wiki/Weeb_Ewbank
farmiga.us|film|https://en.wikipedia.org/wiki/Vera_Farmiga
federov.us|sport|https://en.m.wikipedia.org/wiki/Sergei_Fedorov
feynman.us|scientist|https://en.wikipedia.org/wiki/Richard_Feynman
fogelberg.us|music|https://en.wikipedia.org/wiki/Dan_Fogelberg
fosbury.us|sport|https://en.wikipedia.org/wiki/Dick_Fosbury
fosse.us|artist|https://en.wikipedia.org/wiki/Bob_Fosse
frankenhaler.us|artist|https://en.wikipedia.org/wiki/Helen_Frankenthaler
friedan.us|writer|https://en.wikipedia.org/wiki/Betty_Friedan
galifianakis.us|media|https://en.m.wikipedia.org/wiki/Zach_Galifianakis
galouye.us|writer|https://en.wikipedia.org/wiki/Daniel_F._Galouye
gandolfini.us|media|https://en.m.wikipedia.org/wiki/James_Gandolfini
garriott.us|artist|https://en.wikipedia.org/wiki/Richard_Garriott
gawande.us|science|https://en.wikipedia.org/wiki/Atul_Gawande
gebelli.us|programmer|https://en.wikipedia.org/wiki/Nasir_Gebelli
gehrig.us|sport|https://en.m.wikipedia.org/wiki/Lou_Gehrig
gerrold.us|writer|https://en.wikipedia.org/wiki/David_Gerrold
gerwig.us|film|https://en.wikipedia.org/wiki/Greta_Gerwig
giamatti.us|film|https://en.wikipedia.org/wiki/Paul_Giamatti
goldblum.us|media|https://en.m.wikipedia.org/wiki/Jeff_Goldblum
goldwyn.us|https://en.m.wikipedia.org/wiki/Samuel_Goldwyn
grahame.us|film|https://en.wikipedia.org/wiki/Grahame
grylls.us|explorer|https://en.m.wikipedia.org/wiki/Bear_Grylls
gwynne.us|film|https://en.wikipedia.org/wiki/Fred_Gwynne
gyllenhaal.us|media|https://en.m.wikipedia.org/wiki/Jake_Gyllenhaal
hardaway.us|sport|https://en.wikipedia.org/wiki/Penny_Hardaway
harple.us|scientist|https://en.wikipedia.org/wiki/Daniel_Harple
hassam.us|artist|https://en.wikipedia.org/wiki/Childe_Hassam
haurwitz.us|scientist|https://en.wikipedia.org/wiki/Rachel_Haurwitz
heigl.us|media|https://en.m.wikipedia.org/wiki/Katherine_Heigl
hetfield.us|music|https://en.wikipedia.org/wiki/James_Hetfield
hickland.us|film|https://en.wikipedia.org/wiki/Catherine_Hickland
hulce.us|film|https://en.wikipedia.org/wiki/Tom_Hulce
hurston.us|writer|https://en.m.wikipedia.org/wiki/Zora_Neale_Hurston
isley.us|artist|https://en.wikipedia.org/wiki/The_Isley_Brothers
jabbar.us|sport|https://en.wikipedia.org/wiki/Kareem_Abdul-Jabbar
jurdi.us|film|https://en.wikipedia.org/wiki/James_Jurdi
kassabaum.us|engineer|https://en.wikipedia.org/wiki/George_Kassabaum
katsulas.us|film|https://en.wikipedia.org/wiki/Andreas_Katsulas
kervorkian.us|scientist|https://en.m.wikipedia.org/wiki/Jack_Kevorkian
kidman.us|media|https://en.m.wikipedia.org/wiki/Nicole_Kidman
kinnon.us|media|https://en.m.wikipedia.org/wiki/Kate_McKinnon
kiraly.us|sport|https://en.wikipedia.org/wiki/Karch_Kiraly
kooning.us|artist|https://en.wikipedia.org/wiki/Willem_de_Kooning
kozol.us|writer|https://en.wikipedia.org/wiki/Jonathan_Kozol
krasinski.us|media|https://en.m.wikipedia.org/wiki/John_Krasinski
kudrow.us|media|https://en.m.wikipedia.org/wiki/Lisa_Kudrow
kwolek.us|scientist|https://en.wikipedia.org/wiki/Stephanie_Kwolek
latifah.us|media|https://en.m.wikipedia.org/wiki/Queen_Latifah
lambeau.us|sport|https://en.wikipedia.org/wiki/Curly_Lambeau
langella.us|film|https://en.wikipedia.org/wiki/Frank_Langella
langmuir.us|scientist|https://en.wikipedia.org/wiki/Irving_Langmuir
lauper.us|artist|https://en.wikipedia.org/wiki/Cyndi_Lauper
leiter.us|sport|https://en.wikipedia.org/wiki/Jack_Leiter
lemmon.us|media|https://en.m.wikipedia.org/wiki/Jack_Lemmon
leutze.us|artist|https://en.wikipedia.org/wiki/Emanuel_Leutze
limbaugh.us|media|https://en.m.wikipedia.org/wiki/Rush_Limbaugh
lindbergh.us|explorer|https://en.m.wikipedia.org/wiki/Charles_Lindbergh
linklater.us|media|https://en.m.wikipedia.org/wiki/Richard_Linklater
linney.us|film|https://en.wikipedia.org/wiki/Laura_Linney
lizzo.us|media|https://en.m.wikipedia.org/wiki/Lizzo
loggia.us|media|https://en.wikipedia.org/wiki/Robert_Loggia
longfellow.us|writer|https://en.wikipedia.org/wiki/Henry_Wadsworth_Longfellow
lorre.us|media|https://en.wikipedia.org/wiki/Chuck_Lorre
lubitsch.us|media|https://en.wikipedia.org/wiki/Ernst_Lubitsch
lugosi.us|media|https://en.wikipedia.org/wiki/Bela_Lugosi
lumet.us|media|https://en.wikipedia.org/wiki/Sidney_Lumet
mackendrick.us|media|https://en.wikipedia.org/wiki/Alexander_Mackendrick
manchin.us|political|https://en.m.wikipedia.org/wiki/Joe_Manchin
mandis.us|writer|https://en.wikipedia.org/wiki/Steven_Mandis
manigault.us|sport|https://en.wikipedia.org/wiki/Earl_Manigault
marshmello.us|media|https://en.m.wikipedia.org/wiki/Marshmello
matthau.us|media|https://en.wikipedia.org/wiki/Walter_Matthau
mcchrystal.us|general|https://en.m.wikipedia.org/wiki/Stanley_A._McChrystal
mcconaughey.us|media|https://en.m.wikipedia.org/wiki/Matthew_McConaughey
mcdormand.us|media|https://en.m.wikipedia.org/wiki/Frances_McDormand
mcguffey.us|writer|https://en.wikipedia.org/wiki/William_Holmes_McGuffey
mechner.us|media|https://en.wikipedia.org/wiki/Jordan_Mechner
medgar.us|history|https://en.wikipedia.org/wiki/Myrlie_Evers-Williams
meloy.us|media|https://en.wikipedia.org/wiki/Colin_Meloy
mencken.us|writer|https://en.wikipedia.org/wiki/H._L._Mencken
mergenthaler.us|scientist|https://en.wikipedia.org/wiki/Ottmar_Mergenthaler
mickelson.us|sport|https://en.m.wikipedia.org/wiki/Phil_Mickelson
midler.us|media|https://en.m.wikipedia.org/wiki/Bette_Midler
millikan.us|scientist|https://en.wikipedia.org/wiki/Robert_Andrews_Millikan
minaj.us|media|https://en.m.wikipedia.org/wiki/Nicki_Minaj
minnelli.us|media|https://en.wikipedia.org/wiki/Liza_Minnelli
miocic.us|sport|https://en.wikipedia.org/wiki/Stipe_Miocic
mondale.us|political|https://en.m.wikipedia.org/wiki/Walter_Mondale
moretz.us|media|https://en.wikipedia.org/wiki/Chlo%C3%AB_Grace_Moretz
morhaime.us|media|https://en.wikipedia.org/wiki/Michael_Morhaime
mosey.us|media|https://en.wikipedia.org/wiki/Lil_Mosey
mulaney.us|media|https://en.wikipedia.org/wiki/John_Mulaney
mullich.us|media|https://en.wikipedia.org/wiki/David_Mullich
murie.us|scientist|https://en.wikipedia.org/wiki/Margaret_Murie
mustaine.us|media|https://en.wikipedia.org/wiki/Dave_Mustaine
myrlie.us|history|https://en.wikipedia.org/wiki/Myrlie_Evers-Williams
naismith.us|teacher|https://en.wikipedia.org/wiki/James_Naismith
navratilova.us|sport|https://en.m.wikipedia.org/wiki/Martina_Navratilova
neeson.us|media|https://en.wikipedia.org/wiki/Liam_Neeson
nicklaus.us|sport|https://en.wikipedia.org/wiki/Jack_Nicklaus
nimoy.us|media|https://en.wikipedia.org/wiki/Leonard_Nimoy
ninotchka.us|media|https://en.wikipedia.org/wiki/Ninotchka
norworth.us|media|https://en.wikipedia.org/wiki/Jack_Norworth
odenkirk.us|media|https://en.m.wikipedia.org/wiki/Bob_Odenkirk
omalu.us|scientist|https://en.wikipedia.org/wiki/Bennet_Omalu
orbison.us|media|https://en.m.wikipedia.org/wiki/Roy_Orbison
osment.us|media|https://en.wikipedia.org/wiki/Haley_Joel_Osment
pacino.us|media|https://en.wikipedia.org/wiki/Al_Pacino
palahniuk.us|writer|https://en.m.wikipedia.org/wiki/Chuck_Palahniuk
palance.us|media|https://en.m.wikipedia.org/wiki/Jack_Palance
palicki.us|media|https://en.wikipedia.org/wiki/Adrianne_Palicki
paltrow.us|media|https://en.m.wikipedia.org/wiki/Gwyneth_Paltrow
parcells.us|sport|https://en.wikipedia.org/wiki/Bill_Parcells
paterno.us|sport|https://en.m.wikipedia.org/wiki/Joe_Paterno
peckinpah.us|media|https://en.wikipedia.org/wiki/Sam_Peckinpah
peppard.us|media|https://en.wikipedia.org/wiki/George_Peppard
pesci.us|media|https://en.m.wikipedia.org/wiki/Joe_Pesci
poehler.us|media|https://en.m.wikipedia.org/wiki/Amy_Poehler
polanski.us|media|https://en.m.wikipedia.org/wiki/Roman_Polanski
predock.us|engineer|https://en.wikipedia.org/wiki/Antoine_Predock
prefontaine.us|sport|https://en.wikipedia.org/wiki/Steve_Prefontaine
preminger.us|media|https://en.wikipedia.org/wiki/Otto_Preminger
previn.us|artist|https://en.wikipedia.org/wiki/Andr%C3%A9_Previn
priestley.us|scientist|https://en.wikipedia.org/wiki/Joseph_Priestley
prudhomme.us|media|https://en.wikipedia.org/wiki/Paul_Prudhomme
pusha.us|media|https://en.wikipedia.org/wiki/Pusha_T
pynchon.us|writer|https://en.m.wikipedia.org/wiki/Thomas_Pynchon
raimi.us|media|https://en.m.wikipedia.org/wiki/Sam_Raimi
ramis.us|media|https://en.m.wikipedia.org/wiki/Harold_Ramis
rauschenbush.us|scientist|https://en.wikipedia.org/wiki/Walter_Rauschenbusch
rentschler.us|engineer|https://en.wikipedia.org/wiki/Frederick_Rentschler
rexha.us|media|https://en.wikipedia.org/wiki/Bebe_Rexha
reznor.us|media|https://en.wikipedia.org/wiki/Trent_Reznor
ricch.us|media|https://en.wikipedia.org/wiki/Roddy_Ricch
ruffalo.us|media|https://en.m.wikipedia.org/wiki/Mark_Ruffalo
salinger.us|writer|https://en.m.wikipedia.org/wiki/J._D._Salinger
samberg.us|media|https://en.m.wikipedia.org/wiki/Andy_Samberg
sampras.us|sport|https://en.m.wikipedia.org/wiki/Pete_Sampras
schinske.us
schlissel.us
schwarzenegger.us|political|https://en.m.wikipedia.org/wiki/Arnold_Schwarzenegger
scorsese.us|media|https://en.m.wikipedia.org/wiki/Martin_Scorsese
seagal.us|media|https://en.m.wikipedia.org/wiki/Steven_Seagal
sebolt.us
seinfeld.us|media|https://en.m.wikipedia.org/wiki/Seinfeld
seuss.us|writer|https://en.m.wikipedia.org/wiki/Dr._Seuss
shuttlesworth.us|political|https://en.m.wikipedia.org/wiki/Fred_Shuttlesworth
soderbergh.us|media|https://en.m.wikipedia.org/wiki/Steven_Soderbergh
spacey.us|media|https://en.m.wikipedia.org/wiki/Kevin_Spacey
stabenow.us|political|https://en.m.wikipedia.org/wiki/Debbie_Stabenow
streep.us|media|https://en.m.wikipedia.org/wiki/Meryl_Streep
streisand.us|media|https://en.m.wikipedia.org/wiki/Barbra_Streisand
sudeikis.us|media|https://en.m.wikipedia.org/wiki/Jason_Sudeikis
tubman.us
vandross.us|media|https://en.m.wikipedia.org/wiki/Luther_Vandross
vanhise.us|scientist|https://en.wikipedia.org/wiki/Charles_R._Van_Hise
vaux.us|engineer|https://en.wikipedia.org/wiki/Calvert_Vaux
vespucci.us
vonnegut.us|writer|https://en.m.wikipedia.org/wiki/Kurt_Vonnegut
vrabel.us|sport|https://en.wikipedia.org/wiki/Mike_Vrabel
wahlberg.us|media|https://en.m.wikipedia.org/wiki/Mark_Wahlberg
wiig.us|media|https://en.m.wikipedia.org/wiki/Kristen_Wiig
winklevoss.us|https://en.m.wikipedia.org/wiki/Tyler_Winklevoss
winslet.us|media|https://en.m.wikipedia.org/wiki/Kate_Winslet
yzerman.us|sport|https://en.m.wikipedia.org/wiki/Steve_Yzerman
zemeckis.us|media|
zinnemann.us|media|https://en.wikipedia.org/wiki/Fred_Zinnemann
zworykin.us|engineer|https://en.wikipedia.org/wiki/Vladimir_K._Zworykin

aiguebelle.ca|national|https://en.wikipedia.org/wiki/Aiguebelle_National_Park
aspenquid.ca
athabaska.ca|water|https://en.wikipedia.org/wiki/Athabasca
aulavik.ca|national|https://en.wikipedia.org/wiki/Aulavik_National_Park
banksisland.ca
baydunorde.ca
beuport.us|place|https://en.wikipedia.org/wiki/Beauport,_Quebec_City
beausejour.us|place|https://en.wikipedia.org/wiki/Beausejour,_Manitoba
bhander.in
bhimgad.in
birchmountains.ca
brahmagiri.in
cabonga.ca
centla.mx
chandoli.in
chacahua.mx
chukachida.ca
churncreek.ca
conchas.mx
cotigao.in
denetiah.ca
duckmountain.ca
dunezakeyih.ca
edgehills.ca
edziza.ca
frenchman.ca
gangokri.in
gipsylake.ca
gitnadoiks.ca
gorda.mx
guaymas.us|place|https://en.wikipedia.org/wiki/Guaymas
homathko.ca
huautla.mx
innuaimun.ca
isulijarnik.ca
ivvavik.ca
kabetogama.ca
kabinakagami.ca
katannilik.ca
kenogami.ca
khutzeymateen.ca
kianuko.ca
kotgarh.in
kwadacha.ca
kwois.ca
lagartos.mx
langtang.in
marblerange.ca
mehatl.ca
missinaibi.ca
missiquoi.ca
mississagi.ca
mquqwin.ca
muscovite.ca
naatsichoh.ca
nagagamisis.ca
nanj.in
narrowhills.ca
niiinliinjik.ca
nimpkish.ca
ningunsaw.ca
nopiming.ca
ogoki.ca
oldwife.ca
oldwives.ca
omoa.us|place|https://en.wikipedia.org/wiki/Omoa
opasquia.ca
palpur.in
pantanos.mx
paracut.in
passamaquoddy.ca
pinelemoray.ca
pingualuit.ca
pukaskwa.ca
quittinirpaaq.ca
rouyn.ca
saintefoy.us|place|https://en.wikipedia.org/wiki/Sainte-Foy,_Quebec_City
sandlakes.ca
sepultura.mx
seul.ca
shoolpaneshwar.in
sirmilik.ca
spatsizi.ca
sustut.ca
tahsishkwois.ca
tatlatui.ca
tatlayoko.ca
tongass.ca
tsilos.ca
tsitka.ca
tuktut.ca
turon.mx

turtleriver.ca
tutuaca.mx
verendrye.ca
vuntut.ca
westtwin.ca
winisk.ca
woodlandcaribou.ca
wrangell.ca
yawal.in

andreessen.us|https://en.wikipedia.org/wiki/Andreessen_Horowitz
andv.us|https://en.wikipedia.org/wiki/Tesoro_Corporation
anheuser.us|http://www.anheuser-busch.com/
arnc.us|https://en.wikipedia.org/wiki/Arconic
avgo.us|https://en.wikipedia.org/wiki/Broadcom_Inc.
brkb.us|https://www.bhhs.com
ceph.us|https://en.m.wikipedia.org/wiki/Cephalon
chesky.us|political|https://en.wikipedia.org/wiki/Brian_Chesky
conkling.us|political|https://en.wikipedia.org/wiki/Roscoe_Conkling
chrw.us|https://www.chrobinson.com/en-us/
cornyn.us|political|https://en.wikipedia.org/wiki/John_Cornyn
cpgx.us|stock
cpwr.us|https://otecorporation.com/
ctas.us|https://www.cintas.com/
ctsh.us|https://www.cognizant.com/
ctva.us|https://www.corteva.com/
disca.us|http://corporate.discovery.com/
disck.us|http://corporate.discovery.com/
disston.us|political|https://en.wikipedia.org/wiki/Henry_Disston
dlph.us|https://en.m.wikipedia.org/wiki/Delphi_Technologies
dltr.us|https://www.dollartree.com/
dukakis.us|political|https://en.m.wikipedia.org/wiki/Michael_Dukakis
dwdp.us|https://en.m.wikipedia.org/wiki/DuPont
endp.us|https://en.m.wikipedia.org/wiki/Endo_International
enph.us|https://enphase.com/
eqix.us|http://www.equinix.com/
evrg.us|https://www.evergy.com/
fbhs.us|https://www.fbhs.com/
ffiv.us|https://www.f5.com/
fitb.us|https://www.53.com/content/fifth-third/en.html
follette.us|political|https://en.wikipedia.org/wiki/Robert_M._La_Follette
fortas.us|political|https://en.wikipedia.org/wiki/Abe_Fortas
frankchurch.us|political|https://en.wikipedia.org/wiki/Frank_Church
gerow.us|political|https://en.wikipedia.org/wiki/Charlie_Gerow
gillibrand.us|political|https://en.wikipedia.org/wiki/Kirsten_Gillibrand
girod.us|political|https://en.wikipedia.org/wiki/Fred_Girod
gompers.us|political|https://en.wikipedia.org/wiki/Samuel_Gompers
gnrc.us|https://www.generac.com/
grimke.us|political|https://en.wikipedia.org/wiki/Grimk%C3%A9_sisters
grmn.us|https://www.garmin.com/en-US/
hasbrouck.us|political|https://en.wikipedia.org/wiki/Hasbrouck
hcbk.us|https://en.m.wikipedia.org/wiki/Hudson_City_Bancorp
hoeven.us|political|https://en.wikipedia.org/wiki/John_Hoeven
hollerith.us|political|https://en.wikipedia.org/wiki/Herman_Hollerith
holx.us|http://www.hologic.com/
hsic.us|https://www.henryschein.com/
idxx.us|https://www.idexx.com/en/
inhofe.us|political|https://en.wikipedia.org/wiki/Jim_Inhofe
ipgp.us|https://www.ipgphotonics.com/en
jackhall.us|political|https://en.wikipedia.org/wiki/Jack_Hall_(trade_unionist)
jbht.us|https://www.jbhunt.com/
jnpr.us|https://www.juniper.net/us/en.html
jurvetson.us|political|https://en.wikipedia.org/wiki/Steve_Jurvetson
klac.us|http://www.kla.com/

krft.us|https://en.m.wikipedia.org/wiki/Kraft_Foods
kroenke.us|political|https://en.wikipedia.org/wiki/Stan_Kroenke
krzanich.us|political|https://en.wikipedia.org/wiki/Brian_Krzanich
ldos.us|https://www.leidos.com/
lippitt.us|political|https://en.wikipedia.org/wiki/Henry_Lippitt
lrcx.us|https://www.lamresearch.com/
lvlt.us|https://en.m.wikipedia.org/wiki/Level_3_Communications
matson.us|https://en.wikipedia.org/wiki/William_Matson
merriwell.us|https://en.wikipedia.org/wiki/Frank_Merriwell
meyerson.us|https://en.wikipedia.org/wiki/Morton_Meyerson
mildren.us|political|https://en.wikipedia.org/wiki/Jack_Mildren
mktx.us|https://www.marketaxess.com/
monsees.us|https://en.wikipedia.org/wiki/James_Monsees
mureta.us|https://en.wikipedia.org/wiki/Chad_Mureta
murkowski.us|political|https://en.wikipedia.org/wiki/Lisa_Murkowski

murrell.us|https://en.wikipedia.org/wiki/Murrell
mxim.us|https://www.maximintegrated.com/en.html
myhrvold.us|https://en.wikipedia.org/wiki/Nathan_Myhrvold
nagin.us|https://en.wikipedia.org/wiki/Nagin
nclh.us|https://www.ncl.com/
nicodemus.us|https://en.wikipedia.org/wiki/Nicodemus
nktr.us|https://www.nektar.com/
ntrs.us|https://www.northerntrust.com/united-states/home
nvls.us|https://www.alpineimmunesciences.com/
odabash.us|https://en.wikipedia.org/wiki/Melissa_Odabash
oringer.us|https://en.wikipedia.org/wiki/Jon_Oringer
ossoff.us|political|https://en.wikipedia.org/wiki/Jon_Ossoff
patricof.us|https://en.wikipedia.org/wiki/Alan_Patricof
pbct.us|https://www.peoples.com/
pcln.us|https://en.m.wikipedia.org/wiki/Priceline.com
pdco.us|https://www.pattersoncompanies.com/home/default.aspx
philipse.us|https://en.wikipedia.org/wiki/Frederick_Philipse
pincus.us|https://en.wikipedia.org/wiki/Mark_Pincus
pontalba.us|https://en.wikipedia.org/wiki/Micaela_Almonester,_Baroness_de_Pontalba
popovich.us|https://en.wikipedia.org/wiki/Gregg_Popovich
potterfield.us|https://en.wikipedia.org/wiki/Larry_Potterfield
publicover.us|https://en.wikipedia.org/wiki/Mark_W._Publicover

qrvo.us|https://www.qorvo.com/
qtrn.us|https://en.m.wikipedia.org/wiki/IQVIA
ratshesky.us|https://en.wikipedia.org/wiki/Abraham_C._Ratshesky
rdsb.us|https://en.m.wikipedia.org/wiki/Royal_Dutch_Shell
reum.us|https://en.wikipedia.org/wiki/Carter_Milliken_Reum

riccitiello.us|https://en.wikipedia.org/wiki/John_Riccitiello
rickenbacker.us|https://en.wikipedia.org/wiki/Rickenbacker
sbac.us|https://sbasite.com/
schw.us|https://www.schwab.com/
sivb.us|https://www.svb.com/
sndk.us|https://en.m.wikipedia.org/wiki/SanDisk
srcl.us|https://www.stericycle.com/en-us
swks.us|https://www.skyworksinc.com/
tgna.us|https://www.gannett.com/
trmb.us|https://www.trimble.com/
vesey.us|https://en.wikipedia.org/wiki/Vesey
viab.us|https://en.m.wikipedia.org/wiki/ViacomCBS
viac.us|https://en.m.wikipedia.org/wiki/ViacomCBS
visram.us|https://en.wikipedia.org/wiki/Shazi_Visram
volstead.us|political|https://en.wikipedia.org/wiki/Andrew_Volstead
vopicka.us|political|https://en.wikipedia.org/wiki/Charles_J._Vopicka
vrsk.us|https://www.verisk.com/
wyden.us|political|https://en.wikipedia.org/wiki/Ron_Wyden
xlnx.us|https://www.xilinx.com/
zients.us|political|https://en.wikipedia.org/wiki/Jeffrey_Zients

300zx.us|machine|https://en.m.wikipedia.org/wiki/Nissan_300ZX|Yokohama, Kanagawa, Japan|1008932227.jpg|
35r.us
acr1.us
actionaut.us|game
actionauts.us|pair|https://en.wikipedia.org/wiki/Rob_Fulop
adamjensen.us|game|https://en.wikipedia.org/wiki/Adam_Jensen
aivas.us|https://en.wikipedia.org/wiki/All_the_Weyrs_of_Pern
amidar.us|game|https://en.wikipedia.org/wiki/Amidar
amphicar.us|machine|https://en.wikipedia.org/wiki/Amphicar
aniara.us|https://en.wikipedia.org/wiki/Aniara
antrax.us|https://en.wikipedia.org/wiki/Antrax
astroblast.us|https://en.wikipedia.org/wiki/Astroblast!
b747.us|machine
b787.us|machine

balclutha.us|boat|https://en.wikipedia.org/wiki/Balclutha_(1886)
batgirl.us	
battlezone.us	
beamrider.us
ben10.us		

blazkowicz.us		
bowdrie.us|https://en.wikipedia.org/wiki/Chick_Bowdrie
breactor.us
bv22.us		
bx1.us		
bugeye.us|boat|https://en.wikipedia.org/wiki/Bugeye
bulkington.us|https://en.wikipedia.org/wiki/Bulkington_(character_Moby-Dick)
c172.us		
c29.us
c32.us
ch46.us		
chingachgook.us|https://en.wikipedia.org/wiki/Chingachgook
clamagore.us|boat|https://en.wikipedia.org/wiki/USS_Clamagore_(SS-343)
clemenza.us|https://en.wikipedia.org/wiki/Peter_Clemenza
congobongo.us|https://en.wikipedia.org/wiki/Congo_Bongo
cosmicark.us|https://en.wikipedia.org/wiki/Cosmic_Ark
crabcontrol.us		
csr22.us		
cv10.us		
cv6.us		
cv7.us		
cvn72.us		
cvs12.us
d37.us		
ddc3.us		
demonattack.us|https://en.wikipedia.org/wiki/Demon_Attack
deschain.us		
diaspar.us|https://en.wikipedia.org/wiki/The_City_and_the_Stars
digiwrite.us	
discworld.us	
dishaster.us|https://en.wikipedia.org/wiki/Dishaster
doubledragon.us		
e36.us		
eggomania.us	
elastigirl.us		
emiko.us|https://en.wikipedia.org/wiki/Emiko_Queen
emsiac.us		
epicac.us|https://en.wikipedia.org/wiki/EPICAC_(short_story)
ernestina.us|boat|https://en.wikipedia.org/wiki/Effie_M._Morrissey
f27.us		
f31.us	
fv8.us		
gdf16.us		
gg500.us	
gravitar.us		
gti2005.us		
gtv6.us		
gwenpool.us|https://en.wikipedia.org/wiki/Gwenpool
gyruss.us|https://en.wikipedia.org/wiki/Gyruss
ha19.us
hawkgirl.us		
hawkman.us		
galaxian.us|https://en.wikipedia.org/wiki/Galaxian
gwb666.us		
ibmpc.us		
irocz.us		
jackcarver.us		
klax.us|https://en.wikipedia.org/wiki/Klax_(video_game)
l130.us
l29.us
l71.us
laserblast.us
lc130.us
learjet.us
legree.us|https://en.wikipedia.org/wiki/Uncle_Tom%27s_Cabin
lp80.us

lsr71.us
m1860.us
m1873.us
mark3.us
megaboy.us
megaforce.us
megamania.us
miantonomoh.us|ship|https://en.wikipedia.org/wiki/USS_Miantonomoh_(1863)
moniac.us|https://en.wikipedia.org/wiki/MONIAC
moonsweeper.us

mothman.us
mullany.us|boat|https://en.wikipedia.org/wiki/USS_Mullany_(DD-528)
o12.us
pampanito.us|boat|https://en.wikipedia.org/wiki/USS_Pampanito_(SS-383)
pc98.us
pengo.us|https://en.wikipedia.org/wiki/Pengo_(video_game)
peerssa.us|https://en.wikipedia.org/wiki/A_World_Out_of_Time
pt617.us
pt796.us
quadrun.us
r129.us
r32.us
reo8.us
rt10.us
s14.us
s50.us
saab900.us
sal9000.us
simulacron.us
spacechase.us
spiderdroid.us	
swordquest.us		
vercetti.us|game|https://en.wikipedia.org/wiki/Tommy_Vercetti
warday.us|https://en.wikipedia.org/wiki/Warday
xenophobe.us|https://en.wikipedia.org/wiki/Xenophobe_(video_game)
xombi.us|https://en.wikipedia.org/wiki/Xombi
zaxxon.us|https://en.wikipedia.org/wiki/Zaxxon
zhivago.us|https://en.wikipedia.org/wiki/Doctor_Zhivago_(film)	
